SIM_ID,ks,fl_mu_0,fl_mu_ratio,ftype_proportions_0,bpwr_mu_ratio,preburn_fraction,burn_fibers
DOE_0000000,1.4,0.1,2,0.1,1,0.002,False
DOE_0000001,1.4,0.1,2,0.1,1,0.002,True
DOE_0000010,1.4,0.1,2,0.1,1,0.006,False
DOE_0000011,1.4,0.1,2,0.1,1,0.006,True
DOE_0000020,1.4,0.1,2,0.1,1,0.01,False
DOE_0000021,1.4,0.1,2,0.1,1,0.01,True
DOE_0000100,1.4,0.1,2,0.1,2,0.002,False
DOE_0000101,1.4,0.1,2,0.1,2,0.002,True
DOE_0000110,1.4,0.1,2,0.1,2,0.006,False
DOE_0000111,1.4,0.1,2,0.1,2,0.006,True
DOE_0000120,1.4,0.1,2,0.1,2,0.01,False
DOE_0000121,1.4,0.1,2,0.1,2,0.01,True
DOE_0000200,1.4,0.1,2,0.1,3,0.002,False
DOE_0000201,1.4,0.1,2,0.1,3,0.002,True
DOE_0000210,1.4,0.1,2,0.1,3,0.006,False
DOE_0000211,1.4,0.1,2,0.1,3,0.006,True
DOE_0000220,1.4,0.1,2,0.1,3,0.01,False
DOE_0000221,1.4,0.1,2,0.1,3,0.01,True
DOE_0001000,1.4,0.1,2,0.3,1,0.002,False
DOE_0001001,1.4,0.1,2,0.3,1,0.002,True
DOE_0001010,1.4,0.1,2,0.3,1,0.006,False
DOE_0001011,1.4,0.1,2,0.3,1,0.006,True
DOE_0001020,1.4,0.1,2,0.3,1,0.01,False
DOE_0001021,1.4,0.1,2,0.3,1,0.01,True
DOE_0001100,1.4,0.1,2,0.3,2,0.002,False
DOE_0001101,1.4,0.1,2,0.3,2,0.002,True
DOE_0001110,1.4,0.1,2,0.3,2,0.006,False
DOE_0001111,1.4,0.1,2,0.3,2,0.006,True
DOE_0001120,1.4,0.1,2,0.3,2,0.01,False
DOE_0001121,1.4,0.1,2,0.3,2,0.01,True
DOE_0001200,1.4,0.1,2,0.3,3,0.002,False
DOE_0001201,1.4,0.1,2,0.3,3,0.002,True
DOE_0001210,1.4,0.1,2,0.3,3,0.006,False
DOE_0001211,1.4,0.1,2,0.3,3,0.006,True
DOE_0001220,1.4,0.1,2,0.3,3,0.01,False
DOE_0001221,1.4,0.1,2,0.3,3,0.01,True
DOE_0002000,1.4,0.1,2,0.5,1,0.002,False
DOE_0002001,1.4,0.1,2,0.5,1,0.002,True
DOE_0002010,1.4,0.1,2,0.5,1,0.006,False
DOE_0002011,1.4,0.1,2,0.5,1,0.006,True
DOE_0002020,1.4,0.1,2,0.5,1,0.01,False
DOE_0002021,1.4,0.1,2,0.5,1,0.01,True
DOE_0002100,1.4,0.1,2,0.5,2,0.002,False
DOE_0002101,1.4,0.1,2,0.5,2,0.002,True
DOE_0002110,1.4,0.1,2,0.5,2,0.006,False
DOE_0002111,1.4,0.1,2,0.5,2,0.006,True
DOE_0002120,1.4,0.1,2,0.5,2,0.01,False
DOE_0002121,1.4,0.1,2,0.5,2,0.01,True
DOE_0002200,1.4,0.1,2,0.5,3,0.002,False
DOE_0002201,1.4,0.1,2,0.5,3,0.002,True
DOE_0002210,1.4,0.1,2,0.5,3,0.006,False
DOE_0002211,1.4,0.1,2,0.5,3,0.006,True
DOE_0002220,1.4,0.1,2,0.5,3,0.01,False
DOE_0002221,1.4,0.1,2,0.5,3,0.01,True
DOE_0010000,1.4,0.1,6,0.1,1,0.002,False
DOE_0010001,1.4,0.1,6,0.1,1,0.002,True
DOE_0010010,1.4,0.1,6,0.1,1,0.006,False
DOE_0010011,1.4,0.1,6,0.1,1,0.006,True
DOE_0010020,1.4,0.1,6,0.1,1,0.01,False
DOE_0010021,1.4,0.1,6,0.1,1,0.01,True
DOE_0010100,1.4,0.1,6,0.1,2,0.002,False
DOE_0010101,1.4,0.1,6,0.1,2,0.002,True
DOE_0010110,1.4,0.1,6,0.1,2,0.006,False
DOE_0010111,1.4,0.1,6,0.1,2,0.006,True
DOE_0010120,1.4,0.1,6,0.1,2,0.01,False
DOE_0010121,1.4,0.1,6,0.1,2,0.01,True
DOE_0010200,1.4,0.1,6,0.1,3,0.002,False
DOE_0010201,1.4,0.1,6,0.1,3,0.002,True
DOE_0010210,1.4,0.1,6,0.1,3,0.006,False
DOE_0010211,1.4,0.1,6,0.1,3,0.006,True
DOE_0010220,1.4,0.1,6,0.1,3,0.01,False
DOE_0010221,1.4,0.1,6,0.1,3,0.01,True
DOE_0011000,1.4,0.1,6,0.3,1,0.002,False
DOE_0011001,1.4,0.1,6,0.3,1,0.002,True
DOE_0011010,1.4,0.1,6,0.3,1,0.006,False
DOE_0011011,1.4,0.1,6,0.3,1,0.006,True
DOE_0011020,1.4,0.1,6,0.3,1,0.01,False
DOE_0011021,1.4,0.1,6,0.3,1,0.01,True
DOE_0011100,1.4,0.1,6,0.3,2,0.002,False
DOE_0011101,1.4,0.1,6,0.3,2,0.002,True
DOE_0011110,1.4,0.1,6,0.3,2,0.006,False
DOE_0011111,1.4,0.1,6,0.3,2,0.006,True
DOE_0011120,1.4,0.1,6,0.3,2,0.01,False
DOE_0011121,1.4,0.1,6,0.3,2,0.01,True
DOE_0011200,1.4,0.1,6,0.3,3,0.002,False
DOE_0011201,1.4,0.1,6,0.3,3,0.002,True
DOE_0011210,1.4,0.1,6,0.3,3,0.006,False
DOE_0011211,1.4,0.1,6,0.3,3,0.006,True
DOE_0011220,1.4,0.1,6,0.3,3,0.01,False
DOE_0011221,1.4,0.1,6,0.3,3,0.01,True
DOE_0012000,1.4,0.1,6,0.5,1,0.002,False
DOE_0012001,1.4,0.1,6,0.5,1,0.002,True
DOE_0012010,1.4,0.1,6,0.5,1,0.006,False
DOE_0012011,1.4,0.1,6,0.5,1,0.006,True
DOE_0012020,1.4,0.1,6,0.5,1,0.01,False
DOE_0012021,1.4,0.1,6,0.5,1,0.01,True
DOE_0012100,1.4,0.1,6,0.5,2,0.002,False
DOE_0012101,1.4,0.1,6,0.5,2,0.002,True
DOE_0012110,1.4,0.1,6,0.5,2,0.006,False
DOE_0012111,1.4,0.1,6,0.5,2,0.006,True
DOE_0012120,1.4,0.1,6,0.5,2,0.01,False
DOE_0012121,1.4,0.1,6,0.5,2,0.01,True
DOE_0012200,1.4,0.1,6,0.5,3,0.002,False
DOE_0012201,1.4,0.1,6,0.5,3,0.002,True
DOE_0012210,1.4,0.1,6,0.5,3,0.006,False
DOE_0012211,1.4,0.1,6,0.5,3,0.006,True
DOE_0012220,1.4,0.1,6,0.5,3,0.01,False
DOE_0012221,1.4,0.1,6,0.5,3,0.01,True
DOE_0020000,1.4,0.1,10,0.1,1,0.002,False
DOE_0020001,1.4,0.1,10,0.1,1,0.002,True
DOE_0020010,1.4,0.1,10,0.1,1,0.006,False
DOE_0020011,1.4,0.1,10,0.1,1,0.006,True
DOE_0020020,1.4,0.1,10,0.1,1,0.01,False
DOE_0020021,1.4,0.1,10,0.1,1,0.01,True
DOE_0020100,1.4,0.1,10,0.1,2,0.002,False
DOE_0020101,1.4,0.1,10,0.1,2,0.002,True
DOE_0020110,1.4,0.1,10,0.1,2,0.006,False
DOE_0020111,1.4,0.1,10,0.1,2,0.006,True
DOE_0020120,1.4,0.1,10,0.1,2,0.01,False
DOE_0020121,1.4,0.1,10,0.1,2,0.01,True
DOE_0020200,1.4,0.1,10,0.1,3,0.002,False
DOE_0020201,1.4,0.1,10,0.1,3,0.002,True
DOE_0020210,1.4,0.1,10,0.1,3,0.006,False
DOE_0020211,1.4,0.1,10,0.1,3,0.006,True
DOE_0020220,1.4,0.1,10,0.1,3,0.01,False
DOE_0020221,1.4,0.1,10,0.1,3,0.01,True
DOE_0021000,1.4,0.1,10,0.3,1,0.002,False
DOE_0021001,1.4,0.1,10,0.3,1,0.002,True
DOE_0021010,1.4,0.1,10,0.3,1,0.006,False
DOE_0021011,1.4,0.1,10,0.3,1,0.006,True
DOE_0021020,1.4,0.1,10,0.3,1,0.01,False
DOE_0021021,1.4,0.1,10,0.3,1,0.01,True
DOE_0021100,1.4,0.1,10,0.3,2,0.002,False
DOE_0021101,1.4,0.1,10,0.3,2,0.002,True
DOE_0021110,1.4,0.1,10,0.3,2,0.006,False
DOE_0021111,1.4,0.1,10,0.3,2,0.006,True
DOE_0021120,1.4,0.1,10,0.3,2,0.01,False
DOE_0021121,1.4,0.1,10,0.3,2,0.01,True
DOE_0021200,1.4,0.1,10,0.3,3,0.002,False
DOE_0021201,1.4,0.1,10,0.3,3,0.002,True
DOE_0021210,1.4,0.1,10,0.3,3,0.006,False
DOE_0021211,1.4,0.1,10,0.3,3,0.006,True
DOE_0021220,1.4,0.1,10,0.3,3,0.01,False
DOE_0021221,1.4,0.1,10,0.3,3,0.01,True
DOE_0022000,1.4,0.1,10,0.5,1,0.002,False
DOE_0022001,1.4,0.1,10,0.5,1,0.002,True
DOE_0022010,1.4,0.1,10,0.5,1,0.006,False
DOE_0022011,1.4,0.1,10,0.5,1,0.006,True
DOE_0022020,1.4,0.1,10,0.5,1,0.01,False
DOE_0022021,1.4,0.1,10,0.5,1,0.01,True
DOE_0022100,1.4,0.1,10,0.5,2,0.002,False
DOE_0022101,1.4,0.1,10,0.5,2,0.002,True
DOE_0022110,1.4,0.1,10,0.5,2,0.006,False
DOE_0022111,1.4,0.1,10,0.5,2,0.006,True
DOE_0022120,1.4,0.1,10,0.5,2,0.01,False
DOE_0022121,1.4,0.1,10,0.5,2,0.01,True
DOE_0022200,1.4,0.1,10,0.5,3,0.002,False
DOE_0022201,1.4,0.1,10,0.5,3,0.002,True
DOE_0022210,1.4,0.1,10,0.5,3,0.006,False
DOE_0022211,1.4,0.1,10,0.5,3,0.006,True
DOE_0022220,1.4,0.1,10,0.5,3,0.01,False
DOE_0022221,1.4,0.1,10,0.5,3,0.01,True
DOE_0100000,1.4,0.3,2,0.1,1,0.002,False
DOE_0100001,1.4,0.3,2,0.1,1,0.002,True
DOE_0100010,1.4,0.3,2,0.1,1,0.006,False
DOE_0100011,1.4,0.3,2,0.1,1,0.006,True
DOE_0100020,1.4,0.3,2,0.1,1,0.01,False
DOE_0100021,1.4,0.3,2,0.1,1,0.01,True
DOE_0100100,1.4,0.3,2,0.1,2,0.002,False
DOE_0100101,1.4,0.3,2,0.1,2,0.002,True
DOE_0100110,1.4,0.3,2,0.1,2,0.006,False
DOE_0100111,1.4,0.3,2,0.1,2,0.006,True
DOE_0100120,1.4,0.3,2,0.1,2,0.01,False
DOE_0100121,1.4,0.3,2,0.1,2,0.01,True
DOE_0100200,1.4,0.3,2,0.1,3,0.002,False
DOE_0100201,1.4,0.3,2,0.1,3,0.002,True
DOE_0100210,1.4,0.3,2,0.1,3,0.006,False
DOE_0100211,1.4,0.3,2,0.1,3,0.006,True
DOE_0100220,1.4,0.3,2,0.1,3,0.01,False
DOE_0100221,1.4,0.3,2,0.1,3,0.01,True
DOE_0101000,1.4,0.3,2,0.3,1,0.002,False
DOE_0101001,1.4,0.3,2,0.3,1,0.002,True
DOE_0101010,1.4,0.3,2,0.3,1,0.006,False
DOE_0101011,1.4,0.3,2,0.3,1,0.006,True
DOE_0101020,1.4,0.3,2,0.3,1,0.01,False
DOE_0101021,1.4,0.3,2,0.3,1,0.01,True
DOE_0101100,1.4,0.3,2,0.3,2,0.002,False
DOE_0101101,1.4,0.3,2,0.3,2,0.002,True
DOE_0101110,1.4,0.3,2,0.3,2,0.006,False
DOE_0101111,1.4,0.3,2,0.3,2,0.006,True
DOE_0101120,1.4,0.3,2,0.3,2,0.01,False
DOE_0101121,1.4,0.3,2,0.3,2,0.01,True
DOE_0101200,1.4,0.3,2,0.3,3,0.002,False
DOE_0101201,1.4,0.3,2,0.3,3,0.002,True
DOE_0101210,1.4,0.3,2,0.3,3,0.006,False
DOE_0101211,1.4,0.3,2,0.3,3,0.006,True
DOE_0101220,1.4,0.3,2,0.3,3,0.01,False
DOE_0101221,1.4,0.3,2,0.3,3,0.01,True
DOE_0102000,1.4,0.3,2,0.5,1,0.002,False
DOE_0102001,1.4,0.3,2,0.5,1,0.002,True
DOE_0102010,1.4,0.3,2,0.5,1,0.006,False
DOE_0102011,1.4,0.3,2,0.5,1,0.006,True
DOE_0102020,1.4,0.3,2,0.5,1,0.01,False
DOE_0102021,1.4,0.3,2,0.5,1,0.01,True
DOE_0102100,1.4,0.3,2,0.5,2,0.002,False
DOE_0102101,1.4,0.3,2,0.5,2,0.002,True
DOE_0102110,1.4,0.3,2,0.5,2,0.006,False
DOE_0102111,1.4,0.3,2,0.5,2,0.006,True
DOE_0102120,1.4,0.3,2,0.5,2,0.01,False
DOE_0102121,1.4,0.3,2,0.5,2,0.01,True
DOE_0102200,1.4,0.3,2,0.5,3,0.002,False
DOE_0102201,1.4,0.3,2,0.5,3,0.002,True
DOE_0102210,1.4,0.3,2,0.5,3,0.006,False
DOE_0102211,1.4,0.3,2,0.5,3,0.006,True
DOE_0102220,1.4,0.3,2,0.5,3,0.01,False
DOE_0102221,1.4,0.3,2,0.5,3,0.01,True
DOE_0110000,1.4,0.3,6,0.1,1,0.002,False
DOE_0110001,1.4,0.3,6,0.1,1,0.002,True
DOE_0110010,1.4,0.3,6,0.1,1,0.006,False
DOE_0110011,1.4,0.3,6,0.1,1,0.006,True
DOE_0110020,1.4,0.3,6,0.1,1,0.01,False
DOE_0110021,1.4,0.3,6,0.1,1,0.01,True
DOE_0110100,1.4,0.3,6,0.1,2,0.002,False
DOE_0110101,1.4,0.3,6,0.1,2,0.002,True
DOE_0110110,1.4,0.3,6,0.1,2,0.006,False
DOE_0110111,1.4,0.3,6,0.1,2,0.006,True
DOE_0110120,1.4,0.3,6,0.1,2,0.01,False
DOE_0110121,1.4,0.3,6,0.1,2,0.01,True
DOE_0110200,1.4,0.3,6,0.1,3,0.002,False
DOE_0110201,1.4,0.3,6,0.1,3,0.002,True
DOE_0110210,1.4,0.3,6,0.1,3,0.006,False
DOE_0110211,1.4,0.3,6,0.1,3,0.006,True
DOE_0110220,1.4,0.3,6,0.1,3,0.01,False
DOE_0110221,1.4,0.3,6,0.1,3,0.01,True
DOE_0111000,1.4,0.3,6,0.3,1,0.002,False
DOE_0111001,1.4,0.3,6,0.3,1,0.002,True
DOE_0111010,1.4,0.3,6,0.3,1,0.006,False
DOE_0111011,1.4,0.3,6,0.3,1,0.006,True
DOE_0111020,1.4,0.3,6,0.3,1,0.01,False
DOE_0111021,1.4,0.3,6,0.3,1,0.01,True
DOE_0111100,1.4,0.3,6,0.3,2,0.002,False
DOE_0111101,1.4,0.3,6,0.3,2,0.002,True
DOE_0111110,1.4,0.3,6,0.3,2,0.006,False
DOE_0111111,1.4,0.3,6,0.3,2,0.006,True
DOE_0111120,1.4,0.3,6,0.3,2,0.01,False
DOE_0111121,1.4,0.3,6,0.3,2,0.01,True
DOE_0111200,1.4,0.3,6,0.3,3,0.002,False
DOE_0111201,1.4,0.3,6,0.3,3,0.002,True
DOE_0111210,1.4,0.3,6,0.3,3,0.006,False
DOE_0111211,1.4,0.3,6,0.3,3,0.006,True
DOE_0111220,1.4,0.3,6,0.3,3,0.01,False
DOE_0111221,1.4,0.3,6,0.3,3,0.01,True
DOE_0112000,1.4,0.3,6,0.5,1,0.002,False
DOE_0112001,1.4,0.3,6,0.5,1,0.002,True
DOE_0112010,1.4,0.3,6,0.5,1,0.006,False
DOE_0112011,1.4,0.3,6,0.5,1,0.006,True
DOE_0112020,1.4,0.3,6,0.5,1,0.01,False
DOE_0112021,1.4,0.3,6,0.5,1,0.01,True
DOE_0112100,1.4,0.3,6,0.5,2,0.002,False
DOE_0112101,1.4,0.3,6,0.5,2,0.002,True
DOE_0112110,1.4,0.3,6,0.5,2,0.006,False
DOE_0112111,1.4,0.3,6,0.5,2,0.006,True
DOE_0112120,1.4,0.3,6,0.5,2,0.01,False
DOE_0112121,1.4,0.3,6,0.5,2,0.01,True
DOE_0112200,1.4,0.3,6,0.5,3,0.002,False
DOE_0112201,1.4,0.3,6,0.5,3,0.002,True
DOE_0112210,1.4,0.3,6,0.5,3,0.006,False
DOE_0112211,1.4,0.3,6,0.5,3,0.006,True
DOE_0112220,1.4,0.3,6,0.5,3,0.01,False
DOE_0112221,1.4,0.3,6,0.5,3,0.01,True
DOE_0120000,1.4,0.3,10,0.1,1,0.002,False
DOE_0120001,1.4,0.3,10,0.1,1,0.002,True
DOE_0120010,1.4,0.3,10,0.1,1,0.006,False
DOE_0120011,1.4,0.3,10,0.1,1,0.006,True
DOE_0120020,1.4,0.3,10,0.1,1,0.01,False
DOE_0120021,1.4,0.3,10,0.1,1,0.01,True
DOE_0120100,1.4,0.3,10,0.1,2,0.002,False
DOE_0120101,1.4,0.3,10,0.1,2,0.002,True
DOE_0120110,1.4,0.3,10,0.1,2,0.006,False
DOE_0120111,1.4,0.3,10,0.1,2,0.006,True
DOE_0120120,1.4,0.3,10,0.1,2,0.01,False
DOE_0120121,1.4,0.3,10,0.1,2,0.01,True
DOE_0120200,1.4,0.3,10,0.1,3,0.002,False
DOE_0120201,1.4,0.3,10,0.1,3,0.002,True
DOE_0120210,1.4,0.3,10,0.1,3,0.006,False
DOE_0120211,1.4,0.3,10,0.1,3,0.006,True
DOE_0120220,1.4,0.3,10,0.1,3,0.01,False
DOE_0120221,1.4,0.3,10,0.1,3,0.01,True
DOE_0121000,1.4,0.3,10,0.3,1,0.002,False
DOE_0121001,1.4,0.3,10,0.3,1,0.002,True
DOE_0121010,1.4,0.3,10,0.3,1,0.006,False
DOE_0121011,1.4,0.3,10,0.3,1,0.006,True
DOE_0121020,1.4,0.3,10,0.3,1,0.01,False
DOE_0121021,1.4,0.3,10,0.3,1,0.01,True
DOE_0121100,1.4,0.3,10,0.3,2,0.002,False
DOE_0121101,1.4,0.3,10,0.3,2,0.002,True
DOE_0121110,1.4,0.3,10,0.3,2,0.006,False
DOE_0121111,1.4,0.3,10,0.3,2,0.006,True
DOE_0121120,1.4,0.3,10,0.3,2,0.01,False
DOE_0121121,1.4,0.3,10,0.3,2,0.01,True
DOE_0121200,1.4,0.3,10,0.3,3,0.002,False
DOE_0121201,1.4,0.3,10,0.3,3,0.002,True
DOE_0121210,1.4,0.3,10,0.3,3,0.006,False
DOE_0121211,1.4,0.3,10,0.3,3,0.006,True
DOE_0121220,1.4,0.3,10,0.3,3,0.01,False
DOE_0121221,1.4,0.3,10,0.3,3,0.01,True
DOE_0122000,1.4,0.3,10,0.5,1,0.002,False
DOE_0122001,1.4,0.3,10,0.5,1,0.002,True
DOE_0122010,1.4,0.3,10,0.5,1,0.006,False
DOE_0122011,1.4,0.3,10,0.5,1,0.006,True
DOE_0122020,1.4,0.3,10,0.5,1,0.01,False
DOE_0122021,1.4,0.3,10,0.5,1,0.01,True
DOE_0122100,1.4,0.3,10,0.5,2,0.002,False
DOE_0122101,1.4,0.3,10,0.5,2,0.002,True
DOE_0122110,1.4,0.3,10,0.5,2,0.006,False
DOE_0122111,1.4,0.3,10,0.5,2,0.006,True
DOE_0122120,1.4,0.3,10,0.5,2,0.01,False
DOE_0122121,1.4,0.3,10,0.5,2,0.01,True
DOE_0122200,1.4,0.3,10,0.5,3,0.002,False
DOE_0122201,1.4,0.3,10,0.5,3,0.002,True
DOE_0122210,1.4,0.3,10,0.5,3,0.006,False
DOE_0122211,1.4,0.3,10,0.5,3,0.006,True
DOE_0122220,1.4,0.3,10,0.5,3,0.01,False
DOE_0122221,1.4,0.3,10,0.5,3,0.01,True
DOE_0200000,1.4,0.5,2,0.1,1,0.002,False
DOE_0200001,1.4,0.5,2,0.1,1,0.002,True
DOE_0200010,1.4,0.5,2,0.1,1,0.006,False
DOE_0200011,1.4,0.5,2,0.1,1,0.006,True
DOE_0200020,1.4,0.5,2,0.1,1,0.01,False
DOE_0200021,1.4,0.5,2,0.1,1,0.01,True
DOE_0200100,1.4,0.5,2,0.1,2,0.002,False
DOE_0200101,1.4,0.5,2,0.1,2,0.002,True
DOE_0200110,1.4,0.5,2,0.1,2,0.006,False
DOE_0200111,1.4,0.5,2,0.1,2,0.006,True
DOE_0200120,1.4,0.5,2,0.1,2,0.01,False
DOE_0200121,1.4,0.5,2,0.1,2,0.01,True
DOE_0200200,1.4,0.5,2,0.1,3,0.002,False
DOE_0200201,1.4,0.5,2,0.1,3,0.002,True
DOE_0200210,1.4,0.5,2,0.1,3,0.006,False
DOE_0200211,1.4,0.5,2,0.1,3,0.006,True
DOE_0200220,1.4,0.5,2,0.1,3,0.01,False
DOE_0200221,1.4,0.5,2,0.1,3,0.01,True
DOE_0201000,1.4,0.5,2,0.3,1,0.002,False
DOE_0201001,1.4,0.5,2,0.3,1,0.002,True
DOE_0201010,1.4,0.5,2,0.3,1,0.006,False
DOE_0201011,1.4,0.5,2,0.3,1,0.006,True
DOE_0201020,1.4,0.5,2,0.3,1,0.01,False
DOE_0201021,1.4,0.5,2,0.3,1,0.01,True
DOE_0201100,1.4,0.5,2,0.3,2,0.002,False
DOE_0201101,1.4,0.5,2,0.3,2,0.002,True
DOE_0201110,1.4,0.5,2,0.3,2,0.006,False
DOE_0201111,1.4,0.5,2,0.3,2,0.006,True
DOE_0201120,1.4,0.5,2,0.3,2,0.01,False
DOE_0201121,1.4,0.5,2,0.3,2,0.01,True
DOE_0201200,1.4,0.5,2,0.3,3,0.002,False
DOE_0201201,1.4,0.5,2,0.3,3,0.002,True
DOE_0201210,1.4,0.5,2,0.3,3,0.006,False
DOE_0201211,1.4,0.5,2,0.3,3,0.006,True
DOE_0201220,1.4,0.5,2,0.3,3,0.01,False
DOE_0201221,1.4,0.5,2,0.3,3,0.01,True
DOE_0202000,1.4,0.5,2,0.5,1,0.002,False
DOE_0202001,1.4,0.5,2,0.5,1,0.002,True
DOE_0202010,1.4,0.5,2,0.5,1,0.006,False
DOE_0202011,1.4,0.5,2,0.5,1,0.006,True
DOE_0202020,1.4,0.5,2,0.5,1,0.01,False
DOE_0202021,1.4,0.5,2,0.5,1,0.01,True
DOE_0202100,1.4,0.5,2,0.5,2,0.002,False
DOE_0202101,1.4,0.5,2,0.5,2,0.002,True
DOE_0202110,1.4,0.5,2,0.5,2,0.006,False
DOE_0202111,1.4,0.5,2,0.5,2,0.006,True
DOE_0202120,1.4,0.5,2,0.5,2,0.01,False
DOE_0202121,1.4,0.5,2,0.5,2,0.01,True
DOE_0202200,1.4,0.5,2,0.5,3,0.002,False
DOE_0202201,1.4,0.5,2,0.5,3,0.002,True
DOE_0202210,1.4,0.5,2,0.5,3,0.006,False
DOE_0202211,1.4,0.5,2,0.5,3,0.006,True
DOE_0202220,1.4,0.5,2,0.5,3,0.01,False
DOE_0202221,1.4,0.5,2,0.5,3,0.01,True
DOE_0210000,1.4,0.5,6,0.1,1,0.002,False
DOE_0210001,1.4,0.5,6,0.1,1,0.002,True
DOE_0210010,1.4,0.5,6,0.1,1,0.006,False
DOE_0210011,1.4,0.5,6,0.1,1,0.006,True
DOE_0210020,1.4,0.5,6,0.1,1,0.01,False
DOE_0210021,1.4,0.5,6,0.1,1,0.01,True
DOE_0210100,1.4,0.5,6,0.1,2,0.002,False
DOE_0210101,1.4,0.5,6,0.1,2,0.002,True
DOE_0210110,1.4,0.5,6,0.1,2,0.006,False
DOE_0210111,1.4,0.5,6,0.1,2,0.006,True
DOE_0210120,1.4,0.5,6,0.1,2,0.01,False
DOE_0210121,1.4,0.5,6,0.1,2,0.01,True
DOE_0210200,1.4,0.5,6,0.1,3,0.002,False
DOE_0210201,1.4,0.5,6,0.1,3,0.002,True
DOE_0210210,1.4,0.5,6,0.1,3,0.006,False
DOE_0210211,1.4,0.5,6,0.1,3,0.006,True
DOE_0210220,1.4,0.5,6,0.1,3,0.01,False
DOE_0210221,1.4,0.5,6,0.1,3,0.01,True
DOE_0211000,1.4,0.5,6,0.3,1,0.002,False
DOE_0211001,1.4,0.5,6,0.3,1,0.002,True
DOE_0211010,1.4,0.5,6,0.3,1,0.006,False
DOE_0211011,1.4,0.5,6,0.3,1,0.006,True
DOE_0211020,1.4,0.5,6,0.3,1,0.01,False
DOE_0211021,1.4,0.5,6,0.3,1,0.01,True
DOE_0211100,1.4,0.5,6,0.3,2,0.002,False
DOE_0211101,1.4,0.5,6,0.3,2,0.002,True
DOE_0211110,1.4,0.5,6,0.3,2,0.006,False
DOE_0211111,1.4,0.5,6,0.3,2,0.006,True
DOE_0211120,1.4,0.5,6,0.3,2,0.01,False
DOE_0211121,1.4,0.5,6,0.3,2,0.01,True
DOE_0211200,1.4,0.5,6,0.3,3,0.002,False
DOE_0211201,1.4,0.5,6,0.3,3,0.002,True
DOE_0211210,1.4,0.5,6,0.3,3,0.006,False
DOE_0211211,1.4,0.5,6,0.3,3,0.006,True
DOE_0211220,1.4,0.5,6,0.3,3,0.01,False
DOE_0211221,1.4,0.5,6,0.3,3,0.01,True
DOE_0212000,1.4,0.5,6,0.5,1,0.002,False
DOE_0212001,1.4,0.5,6,0.5,1,0.002,True
DOE_0212010,1.4,0.5,6,0.5,1,0.006,False
DOE_0212011,1.4,0.5,6,0.5,1,0.006,True
DOE_0212020,1.4,0.5,6,0.5,1,0.01,False
DOE_0212021,1.4,0.5,6,0.5,1,0.01,True
DOE_0212100,1.4,0.5,6,0.5,2,0.002,False
DOE_0212101,1.4,0.5,6,0.5,2,0.002,True
DOE_0212110,1.4,0.5,6,0.5,2,0.006,False
DOE_0212111,1.4,0.5,6,0.5,2,0.006,True
DOE_0212120,1.4,0.5,6,0.5,2,0.01,False
DOE_0212121,1.4,0.5,6,0.5,2,0.01,True
DOE_0212200,1.4,0.5,6,0.5,3,0.002,False
DOE_0212201,1.4,0.5,6,0.5,3,0.002,True
DOE_0212210,1.4,0.5,6,0.5,3,0.006,False
DOE_0212211,1.4,0.5,6,0.5,3,0.006,True
DOE_0212220,1.4,0.5,6,0.5,3,0.01,False
DOE_0212221,1.4,0.5,6,0.5,3,0.01,True
DOE_0220000,1.4,0.5,10,0.1,1,0.002,False
DOE_0220001,1.4,0.5,10,0.1,1,0.002,True
DOE_0220010,1.4,0.5,10,0.1,1,0.006,False
DOE_0220011,1.4,0.5,10,0.1,1,0.006,True
DOE_0220020,1.4,0.5,10,0.1,1,0.01,False
DOE_0220021,1.4,0.5,10,0.1,1,0.01,True
DOE_0220100,1.4,0.5,10,0.1,2,0.002,False
DOE_0220101,1.4,0.5,10,0.1,2,0.002,True
DOE_0220110,1.4,0.5,10,0.1,2,0.006,False
DOE_0220111,1.4,0.5,10,0.1,2,0.006,True
DOE_0220120,1.4,0.5,10,0.1,2,0.01,False
DOE_0220121,1.4,0.5,10,0.1,2,0.01,True
DOE_0220200,1.4,0.5,10,0.1,3,0.002,False
DOE_0220201,1.4,0.5,10,0.1,3,0.002,True
DOE_0220210,1.4,0.5,10,0.1,3,0.006,False
DOE_0220211,1.4,0.5,10,0.1,3,0.006,True
DOE_0220220,1.4,0.5,10,0.1,3,0.01,False
DOE_0220221,1.4,0.5,10,0.1,3,0.01,True
DOE_0221000,1.4,0.5,10,0.3,1,0.002,False
DOE_0221001,1.4,0.5,10,0.3,1,0.002,True
DOE_0221010,1.4,0.5,10,0.3,1,0.006,False
DOE_0221011,1.4,0.5,10,0.3,1,0.006,True
DOE_0221020,1.4,0.5,10,0.3,1,0.01,False
DOE_0221021,1.4,0.5,10,0.3,1,0.01,True
DOE_0221100,1.4,0.5,10,0.3,2,0.002,False
DOE_0221101,1.4,0.5,10,0.3,2,0.002,True
DOE_0221110,1.4,0.5,10,0.3,2,0.006,False
DOE_0221111,1.4,0.5,10,0.3,2,0.006,True
DOE_0221120,1.4,0.5,10,0.3,2,0.01,False
DOE_0221121,1.4,0.5,10,0.3,2,0.01,True
DOE_0221200,1.4,0.5,10,0.3,3,0.002,False
DOE_0221201,1.4,0.5,10,0.3,3,0.002,True
DOE_0221210,1.4,0.5,10,0.3,3,0.006,False
DOE_0221211,1.4,0.5,10,0.3,3,0.006,True
DOE_0221220,1.4,0.5,10,0.3,3,0.01,False
DOE_0221221,1.4,0.5,10,0.3,3,0.01,True
DOE_0222000,1.4,0.5,10,0.5,1,0.002,False
DOE_0222001,1.4,0.5,10,0.5,1,0.002,True
DOE_0222010,1.4,0.5,10,0.5,1,0.006,False
DOE_0222011,1.4,0.5,10,0.5,1,0.006,True
DOE_0222020,1.4,0.5,10,0.5,1,0.01,False
DOE_0222021,1.4,0.5,10,0.5,1,0.01,True
DOE_0222100,1.4,0.5,10,0.5,2,0.002,False
DOE_0222101,1.4,0.5,10,0.5,2,0.002,True
DOE_0222110,1.4,0.5,10,0.5,2,0.006,False
DOE_0222111,1.4,0.5,10,0.5,2,0.006,True
DOE_0222120,1.4,0.5,10,0.5,2,0.01,False
DOE_0222121,1.4,0.5,10,0.5,2,0.01,True
DOE_0222200,1.4,0.5,10,0.5,3,0.002,False
DOE_0222201,1.4,0.5,10,0.5,3,0.002,True
DOE_0222210,1.4,0.5,10,0.5,3,0.006,False
DOE_0222211,1.4,0.5,10,0.5,3,0.006,True
DOE_0222220,1.4,0.5,10,0.5,3,0.01,False
DOE_0222221,1.4,0.5,10,0.5,3,0.01,True
DOE_1000000,1.6,0.1,2,0.1,1,0.002,False
DOE_1000001,1.6,0.1,2,0.1,1,0.002,True
DOE_1000010,1.6,0.1,2,0.1,1,0.006,False
DOE_1000011,1.6,0.1,2,0.1,1,0.006,True
DOE_1000020,1.6,0.1,2,0.1,1,0.01,False
DOE_1000021,1.6,0.1,2,0.1,1,0.01,True
DOE_1000100,1.6,0.1,2,0.1,2,0.002,False
DOE_1000101,1.6,0.1,2,0.1,2,0.002,True
DOE_1000110,1.6,0.1,2,0.1,2,0.006,False
DOE_1000111,1.6,0.1,2,0.1,2,0.006,True
DOE_1000120,1.6,0.1,2,0.1,2,0.01,False
DOE_1000121,1.6,0.1,2,0.1,2,0.01,True
DOE_1000200,1.6,0.1,2,0.1,3,0.002,False
DOE_1000201,1.6,0.1,2,0.1,3,0.002,True
DOE_1000210,1.6,0.1,2,0.1,3,0.006,False
DOE_1000211,1.6,0.1,2,0.1,3,0.006,True
DOE_1000220,1.6,0.1,2,0.1,3,0.01,False
DOE_1000221,1.6,0.1,2,0.1,3,0.01,True
DOE_1001000,1.6,0.1,2,0.3,1,0.002,False
DOE_1001001,1.6,0.1,2,0.3,1,0.002,True
DOE_1001010,1.6,0.1,2,0.3,1,0.006,False
DOE_1001011,1.6,0.1,2,0.3,1,0.006,True
DOE_1001020,1.6,0.1,2,0.3,1,0.01,False
DOE_1001021,1.6,0.1,2,0.3,1,0.01,True
DOE_1001100,1.6,0.1,2,0.3,2,0.002,False
DOE_1001101,1.6,0.1,2,0.3,2,0.002,True
DOE_1001110,1.6,0.1,2,0.3,2,0.006,False
DOE_1001111,1.6,0.1,2,0.3,2,0.006,True
DOE_1001120,1.6,0.1,2,0.3,2,0.01,False
DOE_1001121,1.6,0.1,2,0.3,2,0.01,True
DOE_1001200,1.6,0.1,2,0.3,3,0.002,False
DOE_1001201,1.6,0.1,2,0.3,3,0.002,True
DOE_1001210,1.6,0.1,2,0.3,3,0.006,False
DOE_1001211,1.6,0.1,2,0.3,3,0.006,True
DOE_1001220,1.6,0.1,2,0.3,3,0.01,False
DOE_1001221,1.6,0.1,2,0.3,3,0.01,True
DOE_1002000,1.6,0.1,2,0.5,1,0.002,False
DOE_1002001,1.6,0.1,2,0.5,1,0.002,True
DOE_1002010,1.6,0.1,2,0.5,1,0.006,False
DOE_1002011,1.6,0.1,2,0.5,1,0.006,True
DOE_1002020,1.6,0.1,2,0.5,1,0.01,False
DOE_1002021,1.6,0.1,2,0.5,1,0.01,True
DOE_1002100,1.6,0.1,2,0.5,2,0.002,False
DOE_1002101,1.6,0.1,2,0.5,2,0.002,True
DOE_1002110,1.6,0.1,2,0.5,2,0.006,False
DOE_1002111,1.6,0.1,2,0.5,2,0.006,True
DOE_1002120,1.6,0.1,2,0.5,2,0.01,False
DOE_1002121,1.6,0.1,2,0.5,2,0.01,True
DOE_1002200,1.6,0.1,2,0.5,3,0.002,False
DOE_1002201,1.6,0.1,2,0.5,3,0.002,True
DOE_1002210,1.6,0.1,2,0.5,3,0.006,False
DOE_1002211,1.6,0.1,2,0.5,3,0.006,True
DOE_1002220,1.6,0.1,2,0.5,3,0.01,False
DOE_1002221,1.6,0.1,2,0.5,3,0.01,True
DOE_1010000,1.6,0.1,6,0.1,1,0.002,False
DOE_1010001,1.6,0.1,6,0.1,1,0.002,True
DOE_1010010,1.6,0.1,6,0.1,1,0.006,False
DOE_1010011,1.6,0.1,6,0.1,1,0.006,True
DOE_1010020,1.6,0.1,6,0.1,1,0.01,False
DOE_1010021,1.6,0.1,6,0.1,1,0.01,True
DOE_1010100,1.6,0.1,6,0.1,2,0.002,False
DOE_1010101,1.6,0.1,6,0.1,2,0.002,True
DOE_1010110,1.6,0.1,6,0.1,2,0.006,False
DOE_1010111,1.6,0.1,6,0.1,2,0.006,True
DOE_1010120,1.6,0.1,6,0.1,2,0.01,False
DOE_1010121,1.6,0.1,6,0.1,2,0.01,True
DOE_1010200,1.6,0.1,6,0.1,3,0.002,False
DOE_1010201,1.6,0.1,6,0.1,3,0.002,True
DOE_1010210,1.6,0.1,6,0.1,3,0.006,False
DOE_1010211,1.6,0.1,6,0.1,3,0.006,True
DOE_1010220,1.6,0.1,6,0.1,3,0.01,False
DOE_1010221,1.6,0.1,6,0.1,3,0.01,True
DOE_1011000,1.6,0.1,6,0.3,1,0.002,False
DOE_1011001,1.6,0.1,6,0.3,1,0.002,True
DOE_1011010,1.6,0.1,6,0.3,1,0.006,False
DOE_1011011,1.6,0.1,6,0.3,1,0.006,True
DOE_1011020,1.6,0.1,6,0.3,1,0.01,False
DOE_1011021,1.6,0.1,6,0.3,1,0.01,True
DOE_1011100,1.6,0.1,6,0.3,2,0.002,False
DOE_1011101,1.6,0.1,6,0.3,2,0.002,True
DOE_1011110,1.6,0.1,6,0.3,2,0.006,False
DOE_1011111,1.6,0.1,6,0.3,2,0.006,True
DOE_1011120,1.6,0.1,6,0.3,2,0.01,False
DOE_1011121,1.6,0.1,6,0.3,2,0.01,True
DOE_1011200,1.6,0.1,6,0.3,3,0.002,False
DOE_1011201,1.6,0.1,6,0.3,3,0.002,True
DOE_1011210,1.6,0.1,6,0.3,3,0.006,False
DOE_1011211,1.6,0.1,6,0.3,3,0.006,True
DOE_1011220,1.6,0.1,6,0.3,3,0.01,False
DOE_1011221,1.6,0.1,6,0.3,3,0.01,True
DOE_1012000,1.6,0.1,6,0.5,1,0.002,False
DOE_1012001,1.6,0.1,6,0.5,1,0.002,True
DOE_1012010,1.6,0.1,6,0.5,1,0.006,False
DOE_1012011,1.6,0.1,6,0.5,1,0.006,True
DOE_1012020,1.6,0.1,6,0.5,1,0.01,False
DOE_1012021,1.6,0.1,6,0.5,1,0.01,True
DOE_1012100,1.6,0.1,6,0.5,2,0.002,False
DOE_1012101,1.6,0.1,6,0.5,2,0.002,True
DOE_1012110,1.6,0.1,6,0.5,2,0.006,False
DOE_1012111,1.6,0.1,6,0.5,2,0.006,True
DOE_1012120,1.6,0.1,6,0.5,2,0.01,False
DOE_1012121,1.6,0.1,6,0.5,2,0.01,True
DOE_1012200,1.6,0.1,6,0.5,3,0.002,False
DOE_1012201,1.6,0.1,6,0.5,3,0.002,True
DOE_1012210,1.6,0.1,6,0.5,3,0.006,False
DOE_1012211,1.6,0.1,6,0.5,3,0.006,True
DOE_1012220,1.6,0.1,6,0.5,3,0.01,False
DOE_1012221,1.6,0.1,6,0.5,3,0.01,True
DOE_1020000,1.6,0.1,10,0.1,1,0.002,False
DOE_1020001,1.6,0.1,10,0.1,1,0.002,True
DOE_1020010,1.6,0.1,10,0.1,1,0.006,False
DOE_1020011,1.6,0.1,10,0.1,1,0.006,True
DOE_1020020,1.6,0.1,10,0.1,1,0.01,False
DOE_1020021,1.6,0.1,10,0.1,1,0.01,True
DOE_1020100,1.6,0.1,10,0.1,2,0.002,False
DOE_1020101,1.6,0.1,10,0.1,2,0.002,True
DOE_1020110,1.6,0.1,10,0.1,2,0.006,False
DOE_1020111,1.6,0.1,10,0.1,2,0.006,True
DOE_1020120,1.6,0.1,10,0.1,2,0.01,False
DOE_1020121,1.6,0.1,10,0.1,2,0.01,True
DOE_1020200,1.6,0.1,10,0.1,3,0.002,False
DOE_1020201,1.6,0.1,10,0.1,3,0.002,True
DOE_1020210,1.6,0.1,10,0.1,3,0.006,False
DOE_1020211,1.6,0.1,10,0.1,3,0.006,True
DOE_1020220,1.6,0.1,10,0.1,3,0.01,False
DOE_1020221,1.6,0.1,10,0.1,3,0.01,True
DOE_1021000,1.6,0.1,10,0.3,1,0.002,False
DOE_1021001,1.6,0.1,10,0.3,1,0.002,True
DOE_1021010,1.6,0.1,10,0.3,1,0.006,False
DOE_1021011,1.6,0.1,10,0.3,1,0.006,True
DOE_1021020,1.6,0.1,10,0.3,1,0.01,False
DOE_1021021,1.6,0.1,10,0.3,1,0.01,True
DOE_1021100,1.6,0.1,10,0.3,2,0.002,False
DOE_1021101,1.6,0.1,10,0.3,2,0.002,True
DOE_1021110,1.6,0.1,10,0.3,2,0.006,False
DOE_1021111,1.6,0.1,10,0.3,2,0.006,True
DOE_1021120,1.6,0.1,10,0.3,2,0.01,False
DOE_1021121,1.6,0.1,10,0.3,2,0.01,True
DOE_1021200,1.6,0.1,10,0.3,3,0.002,False
DOE_1021201,1.6,0.1,10,0.3,3,0.002,True
DOE_1021210,1.6,0.1,10,0.3,3,0.006,False
DOE_1021211,1.6,0.1,10,0.3,3,0.006,True
DOE_1021220,1.6,0.1,10,0.3,3,0.01,False
DOE_1021221,1.6,0.1,10,0.3,3,0.01,True
DOE_1022000,1.6,0.1,10,0.5,1,0.002,False
DOE_1022001,1.6,0.1,10,0.5,1,0.002,True
DOE_1022010,1.6,0.1,10,0.5,1,0.006,False
DOE_1022011,1.6,0.1,10,0.5,1,0.006,True
DOE_1022020,1.6,0.1,10,0.5,1,0.01,False
DOE_1022021,1.6,0.1,10,0.5,1,0.01,True
DOE_1022100,1.6,0.1,10,0.5,2,0.002,False
DOE_1022101,1.6,0.1,10,0.5,2,0.002,True
DOE_1022110,1.6,0.1,10,0.5,2,0.006,False
DOE_1022111,1.6,0.1,10,0.5,2,0.006,True
DOE_1022120,1.6,0.1,10,0.5,2,0.01,False
DOE_1022121,1.6,0.1,10,0.5,2,0.01,True
DOE_1022200,1.6,0.1,10,0.5,3,0.002,False
DOE_1022201,1.6,0.1,10,0.5,3,0.002,True
DOE_1022210,1.6,0.1,10,0.5,3,0.006,False
DOE_1022211,1.6,0.1,10,0.5,3,0.006,True
DOE_1022220,1.6,0.1,10,0.5,3,0.01,False
DOE_1022221,1.6,0.1,10,0.5,3,0.01,True
DOE_1100000,1.6,0.3,2,0.1,1,0.002,False
DOE_1100001,1.6,0.3,2,0.1,1,0.002,True
DOE_1100010,1.6,0.3,2,0.1,1,0.006,False
DOE_1100011,1.6,0.3,2,0.1,1,0.006,True
DOE_1100020,1.6,0.3,2,0.1,1,0.01,False
DOE_1100021,1.6,0.3,2,0.1,1,0.01,True
DOE_1100100,1.6,0.3,2,0.1,2,0.002,False
DOE_1100101,1.6,0.3,2,0.1,2,0.002,True
DOE_1100110,1.6,0.3,2,0.1,2,0.006,False
DOE_1100111,1.6,0.3,2,0.1,2,0.006,True
DOE_1100120,1.6,0.3,2,0.1,2,0.01,False
DOE_1100121,1.6,0.3,2,0.1,2,0.01,True
DOE_1100200,1.6,0.3,2,0.1,3,0.002,False
DOE_1100201,1.6,0.3,2,0.1,3,0.002,True
DOE_1100210,1.6,0.3,2,0.1,3,0.006,False
DOE_1100211,1.6,0.3,2,0.1,3,0.006,True
DOE_1100220,1.6,0.3,2,0.1,3,0.01,False
DOE_1100221,1.6,0.3,2,0.1,3,0.01,True
DOE_1101000,1.6,0.3,2,0.3,1,0.002,False
DOE_1101001,1.6,0.3,2,0.3,1,0.002,True
DOE_1101010,1.6,0.3,2,0.3,1,0.006,False
DOE_1101011,1.6,0.3,2,0.3,1,0.006,True
DOE_1101020,1.6,0.3,2,0.3,1,0.01,False
DOE_1101021,1.6,0.3,2,0.3,1,0.01,True
DOE_1101100,1.6,0.3,2,0.3,2,0.002,False
DOE_1101101,1.6,0.3,2,0.3,2,0.002,True
DOE_1101110,1.6,0.3,2,0.3,2,0.006,False
DOE_1101111,1.6,0.3,2,0.3,2,0.006,True
DOE_1101120,1.6,0.3,2,0.3,2,0.01,False
DOE_1101121,1.6,0.3,2,0.3,2,0.01,True
DOE_1101200,1.6,0.3,2,0.3,3,0.002,False
DOE_1101201,1.6,0.3,2,0.3,3,0.002,True
DOE_1101210,1.6,0.3,2,0.3,3,0.006,False
DOE_1101211,1.6,0.3,2,0.3,3,0.006,True
DOE_1101220,1.6,0.3,2,0.3,3,0.01,False
DOE_1101221,1.6,0.3,2,0.3,3,0.01,True
DOE_1102000,1.6,0.3,2,0.5,1,0.002,False
DOE_1102001,1.6,0.3,2,0.5,1,0.002,True
DOE_1102010,1.6,0.3,2,0.5,1,0.006,False
DOE_1102011,1.6,0.3,2,0.5,1,0.006,True
DOE_1102020,1.6,0.3,2,0.5,1,0.01,False
DOE_1102021,1.6,0.3,2,0.5,1,0.01,True
DOE_1102100,1.6,0.3,2,0.5,2,0.002,False
DOE_1102101,1.6,0.3,2,0.5,2,0.002,True
DOE_1102110,1.6,0.3,2,0.5,2,0.006,False
DOE_1102111,1.6,0.3,2,0.5,2,0.006,True
DOE_1102120,1.6,0.3,2,0.5,2,0.01,False
DOE_1102121,1.6,0.3,2,0.5,2,0.01,True
DOE_1102200,1.6,0.3,2,0.5,3,0.002,False
DOE_1102201,1.6,0.3,2,0.5,3,0.002,True
DOE_1102210,1.6,0.3,2,0.5,3,0.006,False
DOE_1102211,1.6,0.3,2,0.5,3,0.006,True
DOE_1102220,1.6,0.3,2,0.5,3,0.01,False
DOE_1102221,1.6,0.3,2,0.5,3,0.01,True
DOE_1110000,1.6,0.3,6,0.1,1,0.002,False
DOE_1110001,1.6,0.3,6,0.1,1,0.002,True
DOE_1110010,1.6,0.3,6,0.1,1,0.006,False
DOE_1110011,1.6,0.3,6,0.1,1,0.006,True
DOE_1110020,1.6,0.3,6,0.1,1,0.01,False
DOE_1110021,1.6,0.3,6,0.1,1,0.01,True
DOE_1110100,1.6,0.3,6,0.1,2,0.002,False
DOE_1110101,1.6,0.3,6,0.1,2,0.002,True
DOE_1110110,1.6,0.3,6,0.1,2,0.006,False
DOE_1110111,1.6,0.3,6,0.1,2,0.006,True
DOE_1110120,1.6,0.3,6,0.1,2,0.01,False
DOE_1110121,1.6,0.3,6,0.1,2,0.01,True
DOE_1110200,1.6,0.3,6,0.1,3,0.002,False
DOE_1110201,1.6,0.3,6,0.1,3,0.002,True
DOE_1110210,1.6,0.3,6,0.1,3,0.006,False
DOE_1110211,1.6,0.3,6,0.1,3,0.006,True
DOE_1110220,1.6,0.3,6,0.1,3,0.01,False
DOE_1110221,1.6,0.3,6,0.1,3,0.01,True
DOE_1111000,1.6,0.3,6,0.3,1,0.002,False
DOE_1111001,1.6,0.3,6,0.3,1,0.002,True
DOE_1111010,1.6,0.3,6,0.3,1,0.006,False
DOE_1111011,1.6,0.3,6,0.3,1,0.006,True
DOE_1111020,1.6,0.3,6,0.3,1,0.01,False
DOE_1111021,1.6,0.3,6,0.3,1,0.01,True
DOE_1111100,1.6,0.3,6,0.3,2,0.002,False
DOE_1111101,1.6,0.3,6,0.3,2,0.002,True
DOE_1111110,1.6,0.3,6,0.3,2,0.006,False
DOE_1111111,1.6,0.3,6,0.3,2,0.006,True
DOE_1111120,1.6,0.3,6,0.3,2,0.01,False
DOE_1111121,1.6,0.3,6,0.3,2,0.01,True
DOE_1111200,1.6,0.3,6,0.3,3,0.002,False
DOE_1111201,1.6,0.3,6,0.3,3,0.002,True
DOE_1111210,1.6,0.3,6,0.3,3,0.006,False
DOE_1111211,1.6,0.3,6,0.3,3,0.006,True
DOE_1111220,1.6,0.3,6,0.3,3,0.01,False
DOE_1111221,1.6,0.3,6,0.3,3,0.01,True
DOE_1112000,1.6,0.3,6,0.5,1,0.002,False
DOE_1112001,1.6,0.3,6,0.5,1,0.002,True
DOE_1112010,1.6,0.3,6,0.5,1,0.006,False
DOE_1112011,1.6,0.3,6,0.5,1,0.006,True
DOE_1112020,1.6,0.3,6,0.5,1,0.01,False
DOE_1112021,1.6,0.3,6,0.5,1,0.01,True
DOE_1112100,1.6,0.3,6,0.5,2,0.002,False
DOE_1112101,1.6,0.3,6,0.5,2,0.002,True
DOE_1112110,1.6,0.3,6,0.5,2,0.006,False
DOE_1112111,1.6,0.3,6,0.5,2,0.006,True
DOE_1112120,1.6,0.3,6,0.5,2,0.01,False
DOE_1112121,1.6,0.3,6,0.5,2,0.01,True
DOE_1112200,1.6,0.3,6,0.5,3,0.002,False
DOE_1112201,1.6,0.3,6,0.5,3,0.002,True
DOE_1112210,1.6,0.3,6,0.5,3,0.006,False
DOE_1112211,1.6,0.3,6,0.5,3,0.006,True
DOE_1112220,1.6,0.3,6,0.5,3,0.01,False
DOE_1112221,1.6,0.3,6,0.5,3,0.01,True
DOE_1120000,1.6,0.3,10,0.1,1,0.002,False
DOE_1120001,1.6,0.3,10,0.1,1,0.002,True
DOE_1120010,1.6,0.3,10,0.1,1,0.006,False
DOE_1120011,1.6,0.3,10,0.1,1,0.006,True
DOE_1120020,1.6,0.3,10,0.1,1,0.01,False
DOE_1120021,1.6,0.3,10,0.1,1,0.01,True
DOE_1120100,1.6,0.3,10,0.1,2,0.002,False
DOE_1120101,1.6,0.3,10,0.1,2,0.002,True
DOE_1120110,1.6,0.3,10,0.1,2,0.006,False
DOE_1120111,1.6,0.3,10,0.1,2,0.006,True
DOE_1120120,1.6,0.3,10,0.1,2,0.01,False
DOE_1120121,1.6,0.3,10,0.1,2,0.01,True
DOE_1120200,1.6,0.3,10,0.1,3,0.002,False
DOE_1120201,1.6,0.3,10,0.1,3,0.002,True
DOE_1120210,1.6,0.3,10,0.1,3,0.006,False
DOE_1120211,1.6,0.3,10,0.1,3,0.006,True
DOE_1120220,1.6,0.3,10,0.1,3,0.01,False
DOE_1120221,1.6,0.3,10,0.1,3,0.01,True
DOE_1121000,1.6,0.3,10,0.3,1,0.002,False
DOE_1121001,1.6,0.3,10,0.3,1,0.002,True
DOE_1121010,1.6,0.3,10,0.3,1,0.006,False
DOE_1121011,1.6,0.3,10,0.3,1,0.006,True
DOE_1121020,1.6,0.3,10,0.3,1,0.01,False
DOE_1121021,1.6,0.3,10,0.3,1,0.01,True
DOE_1121100,1.6,0.3,10,0.3,2,0.002,False
DOE_1121101,1.6,0.3,10,0.3,2,0.002,True
DOE_1121110,1.6,0.3,10,0.3,2,0.006,False
DOE_1121111,1.6,0.3,10,0.3,2,0.006,True
DOE_1121120,1.6,0.3,10,0.3,2,0.01,False
DOE_1121121,1.6,0.3,10,0.3,2,0.01,True
DOE_1121200,1.6,0.3,10,0.3,3,0.002,False
DOE_1121201,1.6,0.3,10,0.3,3,0.002,True
DOE_1121210,1.6,0.3,10,0.3,3,0.006,False
DOE_1121211,1.6,0.3,10,0.3,3,0.006,True
DOE_1121220,1.6,0.3,10,0.3,3,0.01,False
DOE_1121221,1.6,0.3,10,0.3,3,0.01,True
DOE_1122000,1.6,0.3,10,0.5,1,0.002,False
DOE_1122001,1.6,0.3,10,0.5,1,0.002,True
DOE_1122010,1.6,0.3,10,0.5,1,0.006,False
DOE_1122011,1.6,0.3,10,0.5,1,0.006,True
DOE_1122020,1.6,0.3,10,0.5,1,0.01,False
DOE_1122021,1.6,0.3,10,0.5,1,0.01,True
DOE_1122100,1.6,0.3,10,0.5,2,0.002,False
DOE_1122101,1.6,0.3,10,0.5,2,0.002,True
DOE_1122110,1.6,0.3,10,0.5,2,0.006,False
DOE_1122111,1.6,0.3,10,0.5,2,0.006,True
DOE_1122120,1.6,0.3,10,0.5,2,0.01,False
DOE_1122121,1.6,0.3,10,0.5,2,0.01,True
DOE_1122200,1.6,0.3,10,0.5,3,0.002,False
DOE_1122201,1.6,0.3,10,0.5,3,0.002,True
DOE_1122210,1.6,0.3,10,0.5,3,0.006,False
DOE_1122211,1.6,0.3,10,0.5,3,0.006,True
DOE_1122220,1.6,0.3,10,0.5,3,0.01,False
DOE_1122221,1.6,0.3,10,0.5,3,0.01,True
DOE_1200000,1.6,0.5,2,0.1,1,0.002,False
DOE_1200001,1.6,0.5,2,0.1,1,0.002,True
DOE_1200010,1.6,0.5,2,0.1,1,0.006,False
DOE_1200011,1.6,0.5,2,0.1,1,0.006,True
DOE_1200020,1.6,0.5,2,0.1,1,0.01,False
DOE_1200021,1.6,0.5,2,0.1,1,0.01,True
DOE_1200100,1.6,0.5,2,0.1,2,0.002,False
DOE_1200101,1.6,0.5,2,0.1,2,0.002,True
DOE_1200110,1.6,0.5,2,0.1,2,0.006,False
DOE_1200111,1.6,0.5,2,0.1,2,0.006,True
DOE_1200120,1.6,0.5,2,0.1,2,0.01,False
DOE_1200121,1.6,0.5,2,0.1,2,0.01,True
DOE_1200200,1.6,0.5,2,0.1,3,0.002,False
DOE_1200201,1.6,0.5,2,0.1,3,0.002,True
DOE_1200210,1.6,0.5,2,0.1,3,0.006,False
DOE_1200211,1.6,0.5,2,0.1,3,0.006,True
DOE_1200220,1.6,0.5,2,0.1,3,0.01,False
DOE_1200221,1.6,0.5,2,0.1,3,0.01,True
DOE_1201000,1.6,0.5,2,0.3,1,0.002,False
DOE_1201001,1.6,0.5,2,0.3,1,0.002,True
DOE_1201010,1.6,0.5,2,0.3,1,0.006,False
DOE_1201011,1.6,0.5,2,0.3,1,0.006,True
DOE_1201020,1.6,0.5,2,0.3,1,0.01,False
DOE_1201021,1.6,0.5,2,0.3,1,0.01,True
DOE_1201100,1.6,0.5,2,0.3,2,0.002,False
DOE_1201101,1.6,0.5,2,0.3,2,0.002,True
DOE_1201110,1.6,0.5,2,0.3,2,0.006,False
DOE_1201111,1.6,0.5,2,0.3,2,0.006,True
DOE_1201120,1.6,0.5,2,0.3,2,0.01,False
DOE_1201121,1.6,0.5,2,0.3,2,0.01,True
DOE_1201200,1.6,0.5,2,0.3,3,0.002,False
DOE_1201201,1.6,0.5,2,0.3,3,0.002,True
DOE_1201210,1.6,0.5,2,0.3,3,0.006,False
DOE_1201211,1.6,0.5,2,0.3,3,0.006,True
DOE_1201220,1.6,0.5,2,0.3,3,0.01,False
DOE_1201221,1.6,0.5,2,0.3,3,0.01,True
DOE_1202000,1.6,0.5,2,0.5,1,0.002,False
DOE_1202001,1.6,0.5,2,0.5,1,0.002,True
DOE_1202010,1.6,0.5,2,0.5,1,0.006,False
DOE_1202011,1.6,0.5,2,0.5,1,0.006,True
DOE_1202020,1.6,0.5,2,0.5,1,0.01,False
DOE_1202021,1.6,0.5,2,0.5,1,0.01,True
DOE_1202100,1.6,0.5,2,0.5,2,0.002,False
DOE_1202101,1.6,0.5,2,0.5,2,0.002,True
DOE_1202110,1.6,0.5,2,0.5,2,0.006,False
DOE_1202111,1.6,0.5,2,0.5,2,0.006,True
DOE_1202120,1.6,0.5,2,0.5,2,0.01,False
DOE_1202121,1.6,0.5,2,0.5,2,0.01,True
DOE_1202200,1.6,0.5,2,0.5,3,0.002,False
DOE_1202201,1.6,0.5,2,0.5,3,0.002,True
DOE_1202210,1.6,0.5,2,0.5,3,0.006,False
DOE_1202211,1.6,0.5,2,0.5,3,0.006,True
DOE_1202220,1.6,0.5,2,0.5,3,0.01,False
DOE_1202221,1.6,0.5,2,0.5,3,0.01,True
DOE_1210000,1.6,0.5,6,0.1,1,0.002,False
DOE_1210001,1.6,0.5,6,0.1,1,0.002,True
DOE_1210010,1.6,0.5,6,0.1,1,0.006,False
DOE_1210011,1.6,0.5,6,0.1,1,0.006,True
DOE_1210020,1.6,0.5,6,0.1,1,0.01,False
DOE_1210021,1.6,0.5,6,0.1,1,0.01,True
DOE_1210100,1.6,0.5,6,0.1,2,0.002,False
DOE_1210101,1.6,0.5,6,0.1,2,0.002,True
DOE_1210110,1.6,0.5,6,0.1,2,0.006,False
DOE_1210111,1.6,0.5,6,0.1,2,0.006,True
DOE_1210120,1.6,0.5,6,0.1,2,0.01,False
DOE_1210121,1.6,0.5,6,0.1,2,0.01,True
DOE_1210200,1.6,0.5,6,0.1,3,0.002,False
DOE_1210201,1.6,0.5,6,0.1,3,0.002,True
DOE_1210210,1.6,0.5,6,0.1,3,0.006,False
DOE_1210211,1.6,0.5,6,0.1,3,0.006,True
DOE_1210220,1.6,0.5,6,0.1,3,0.01,False
DOE_1210221,1.6,0.5,6,0.1,3,0.01,True
DOE_1211000,1.6,0.5,6,0.3,1,0.002,False
DOE_1211001,1.6,0.5,6,0.3,1,0.002,True
DOE_1211010,1.6,0.5,6,0.3,1,0.006,False
DOE_1211011,1.6,0.5,6,0.3,1,0.006,True
DOE_1211020,1.6,0.5,6,0.3,1,0.01,False
DOE_1211021,1.6,0.5,6,0.3,1,0.01,True
DOE_1211100,1.6,0.5,6,0.3,2,0.002,False
DOE_1211101,1.6,0.5,6,0.3,2,0.002,True
DOE_1211110,1.6,0.5,6,0.3,2,0.006,False
DOE_1211111,1.6,0.5,6,0.3,2,0.006,True
DOE_1211120,1.6,0.5,6,0.3,2,0.01,False
DOE_1211121,1.6,0.5,6,0.3,2,0.01,True
DOE_1211200,1.6,0.5,6,0.3,3,0.002,False
DOE_1211201,1.6,0.5,6,0.3,3,0.002,True
DOE_1211210,1.6,0.5,6,0.3,3,0.006,False
DOE_1211211,1.6,0.5,6,0.3,3,0.006,True
DOE_1211220,1.6,0.5,6,0.3,3,0.01,False
DOE_1211221,1.6,0.5,6,0.3,3,0.01,True
DOE_1212000,1.6,0.5,6,0.5,1,0.002,False
DOE_1212001,1.6,0.5,6,0.5,1,0.002,True
DOE_1212010,1.6,0.5,6,0.5,1,0.006,False
DOE_1212011,1.6,0.5,6,0.5,1,0.006,True
DOE_1212020,1.6,0.5,6,0.5,1,0.01,False
DOE_1212021,1.6,0.5,6,0.5,1,0.01,True
DOE_1212100,1.6,0.5,6,0.5,2,0.002,False
DOE_1212101,1.6,0.5,6,0.5,2,0.002,True
DOE_1212110,1.6,0.5,6,0.5,2,0.006,False
DOE_1212111,1.6,0.5,6,0.5,2,0.006,True
DOE_1212120,1.6,0.5,6,0.5,2,0.01,False
DOE_1212121,1.6,0.5,6,0.5,2,0.01,True
DOE_1212200,1.6,0.5,6,0.5,3,0.002,False
DOE_1212201,1.6,0.5,6,0.5,3,0.002,True
DOE_1212210,1.6,0.5,6,0.5,3,0.006,False
DOE_1212211,1.6,0.5,6,0.5,3,0.006,True
DOE_1212220,1.6,0.5,6,0.5,3,0.01,False
DOE_1212221,1.6,0.5,6,0.5,3,0.01,True
DOE_1220000,1.6,0.5,10,0.1,1,0.002,False
DOE_1220001,1.6,0.5,10,0.1,1,0.002,True
DOE_1220010,1.6,0.5,10,0.1,1,0.006,False
DOE_1220011,1.6,0.5,10,0.1,1,0.006,True
DOE_1220020,1.6,0.5,10,0.1,1,0.01,False
DOE_1220021,1.6,0.5,10,0.1,1,0.01,True
DOE_1220100,1.6,0.5,10,0.1,2,0.002,False
DOE_1220101,1.6,0.5,10,0.1,2,0.002,True
DOE_1220110,1.6,0.5,10,0.1,2,0.006,False
DOE_1220111,1.6,0.5,10,0.1,2,0.006,True
DOE_1220120,1.6,0.5,10,0.1,2,0.01,False
DOE_1220121,1.6,0.5,10,0.1,2,0.01,True
DOE_1220200,1.6,0.5,10,0.1,3,0.002,False
DOE_1220201,1.6,0.5,10,0.1,3,0.002,True
DOE_1220210,1.6,0.5,10,0.1,3,0.006,False
DOE_1220211,1.6,0.5,10,0.1,3,0.006,True
DOE_1220220,1.6,0.5,10,0.1,3,0.01,False
DOE_1220221,1.6,0.5,10,0.1,3,0.01,True
DOE_1221000,1.6,0.5,10,0.3,1,0.002,False
DOE_1221001,1.6,0.5,10,0.3,1,0.002,True
DOE_1221010,1.6,0.5,10,0.3,1,0.006,False
DOE_1221011,1.6,0.5,10,0.3,1,0.006,True
DOE_1221020,1.6,0.5,10,0.3,1,0.01,False
DOE_1221021,1.6,0.5,10,0.3,1,0.01,True
DOE_1221100,1.6,0.5,10,0.3,2,0.002,False
DOE_1221101,1.6,0.5,10,0.3,2,0.002,True
DOE_1221110,1.6,0.5,10,0.3,2,0.006,False
DOE_1221111,1.6,0.5,10,0.3,2,0.006,True
DOE_1221120,1.6,0.5,10,0.3,2,0.01,False
DOE_1221121,1.6,0.5,10,0.3,2,0.01,True
DOE_1221200,1.6,0.5,10,0.3,3,0.002,False
DOE_1221201,1.6,0.5,10,0.3,3,0.002,True
DOE_1221210,1.6,0.5,10,0.3,3,0.006,False
DOE_1221211,1.6,0.5,10,0.3,3,0.006,True
DOE_1221220,1.6,0.5,10,0.3,3,0.01,False
DOE_1221221,1.6,0.5,10,0.3,3,0.01,True
DOE_1222000,1.6,0.5,10,0.5,1,0.002,False
DOE_1222001,1.6,0.5,10,0.5,1,0.002,True
DOE_1222010,1.6,0.5,10,0.5,1,0.006,False
DOE_1222011,1.6,0.5,10,0.5,1,0.006,True
DOE_1222020,1.6,0.5,10,0.5,1,0.01,False
DOE_1222021,1.6,0.5,10,0.5,1,0.01,True
DOE_1222100,1.6,0.5,10,0.5,2,0.002,False
DOE_1222101,1.6,0.5,10,0.5,2,0.002,True
DOE_1222110,1.6,0.5,10,0.5,2,0.006,False
DOE_1222111,1.6,0.5,10,0.5,2,0.006,True
DOE_1222120,1.6,0.5,10,0.5,2,0.01,False
DOE_1222121,1.6,0.5,10,0.5,2,0.01,True
DOE_1222200,1.6,0.5,10,0.5,3,0.002,False
DOE_1222201,1.6,0.5,10,0.5,3,0.002,True
DOE_1222210,1.6,0.5,10,0.5,3,0.006,False
DOE_1222211,1.6,0.5,10,0.5,3,0.006,True
DOE_1222220,1.6,0.5,10,0.5,3,0.01,False
DOE_1222221,1.6,0.5,10,0.5,3,0.01,True
DOE_2000000,1.8,0.1,2,0.1,1,0.002,False
DOE_2000001,1.8,0.1,2,0.1,1,0.002,True
DOE_2000010,1.8,0.1,2,0.1,1,0.006,False
DOE_2000011,1.8,0.1,2,0.1,1,0.006,True
DOE_2000020,1.8,0.1,2,0.1,1,0.01,False
DOE_2000021,1.8,0.1,2,0.1,1,0.01,True
DOE_2000100,1.8,0.1,2,0.1,2,0.002,False
DOE_2000101,1.8,0.1,2,0.1,2,0.002,True
DOE_2000110,1.8,0.1,2,0.1,2,0.006,False
DOE_2000111,1.8,0.1,2,0.1,2,0.006,True
DOE_2000120,1.8,0.1,2,0.1,2,0.01,False
DOE_2000121,1.8,0.1,2,0.1,2,0.01,True
DOE_2000200,1.8,0.1,2,0.1,3,0.002,False
DOE_2000201,1.8,0.1,2,0.1,3,0.002,True
DOE_2000210,1.8,0.1,2,0.1,3,0.006,False
DOE_2000211,1.8,0.1,2,0.1,3,0.006,True
DOE_2000220,1.8,0.1,2,0.1,3,0.01,False
DOE_2000221,1.8,0.1,2,0.1,3,0.01,True
DOE_2001000,1.8,0.1,2,0.3,1,0.002,False
DOE_2001001,1.8,0.1,2,0.3,1,0.002,True
DOE_2001010,1.8,0.1,2,0.3,1,0.006,False
DOE_2001011,1.8,0.1,2,0.3,1,0.006,True
DOE_2001020,1.8,0.1,2,0.3,1,0.01,False
DOE_2001021,1.8,0.1,2,0.3,1,0.01,True
DOE_2001100,1.8,0.1,2,0.3,2,0.002,False
DOE_2001101,1.8,0.1,2,0.3,2,0.002,True
DOE_2001110,1.8,0.1,2,0.3,2,0.006,False
DOE_2001111,1.8,0.1,2,0.3,2,0.006,True
DOE_2001120,1.8,0.1,2,0.3,2,0.01,False
DOE_2001121,1.8,0.1,2,0.3,2,0.01,True
DOE_2001200,1.8,0.1,2,0.3,3,0.002,False
DOE_2001201,1.8,0.1,2,0.3,3,0.002,True
DOE_2001210,1.8,0.1,2,0.3,3,0.006,False
DOE_2001211,1.8,0.1,2,0.3,3,0.006,True
DOE_2001220,1.8,0.1,2,0.3,3,0.01,False
DOE_2001221,1.8,0.1,2,0.3,3,0.01,True
DOE_2002000,1.8,0.1,2,0.5,1,0.002,False
DOE_2002001,1.8,0.1,2,0.5,1,0.002,True
DOE_2002010,1.8,0.1,2,0.5,1,0.006,False
DOE_2002011,1.8,0.1,2,0.5,1,0.006,True
DOE_2002020,1.8,0.1,2,0.5,1,0.01,False
DOE_2002021,1.8,0.1,2,0.5,1,0.01,True
DOE_2002100,1.8,0.1,2,0.5,2,0.002,False
DOE_2002101,1.8,0.1,2,0.5,2,0.002,True
DOE_2002110,1.8,0.1,2,0.5,2,0.006,False
DOE_2002111,1.8,0.1,2,0.5,2,0.006,True
DOE_2002120,1.8,0.1,2,0.5,2,0.01,False
DOE_2002121,1.8,0.1,2,0.5,2,0.01,True
DOE_2002200,1.8,0.1,2,0.5,3,0.002,False
DOE_2002201,1.8,0.1,2,0.5,3,0.002,True
DOE_2002210,1.8,0.1,2,0.5,3,0.006,False
DOE_2002211,1.8,0.1,2,0.5,3,0.006,True
DOE_2002220,1.8,0.1,2,0.5,3,0.01,False
DOE_2002221,1.8,0.1,2,0.5,3,0.01,True
DOE_2010000,1.8,0.1,6,0.1,1,0.002,False
DOE_2010001,1.8,0.1,6,0.1,1,0.002,True
DOE_2010010,1.8,0.1,6,0.1,1,0.006,False
DOE_2010011,1.8,0.1,6,0.1,1,0.006,True
DOE_2010020,1.8,0.1,6,0.1,1,0.01,False
DOE_2010021,1.8,0.1,6,0.1,1,0.01,True
DOE_2010100,1.8,0.1,6,0.1,2,0.002,False
DOE_2010101,1.8,0.1,6,0.1,2,0.002,True
DOE_2010110,1.8,0.1,6,0.1,2,0.006,False
DOE_2010111,1.8,0.1,6,0.1,2,0.006,True
DOE_2010120,1.8,0.1,6,0.1,2,0.01,False
DOE_2010121,1.8,0.1,6,0.1,2,0.01,True
DOE_2010200,1.8,0.1,6,0.1,3,0.002,False
DOE_2010201,1.8,0.1,6,0.1,3,0.002,True
DOE_2010210,1.8,0.1,6,0.1,3,0.006,False
DOE_2010211,1.8,0.1,6,0.1,3,0.006,True
DOE_2010220,1.8,0.1,6,0.1,3,0.01,False
DOE_2010221,1.8,0.1,6,0.1,3,0.01,True
DOE_2011000,1.8,0.1,6,0.3,1,0.002,False
DOE_2011001,1.8,0.1,6,0.3,1,0.002,True
DOE_2011010,1.8,0.1,6,0.3,1,0.006,False
DOE_2011011,1.8,0.1,6,0.3,1,0.006,True
DOE_2011020,1.8,0.1,6,0.3,1,0.01,False
DOE_2011021,1.8,0.1,6,0.3,1,0.01,True
DOE_2011100,1.8,0.1,6,0.3,2,0.002,False
DOE_2011101,1.8,0.1,6,0.3,2,0.002,True
DOE_2011110,1.8,0.1,6,0.3,2,0.006,False
DOE_2011111,1.8,0.1,6,0.3,2,0.006,True
DOE_2011120,1.8,0.1,6,0.3,2,0.01,False
DOE_2011121,1.8,0.1,6,0.3,2,0.01,True
DOE_2011200,1.8,0.1,6,0.3,3,0.002,False
DOE_2011201,1.8,0.1,6,0.3,3,0.002,True
DOE_2011210,1.8,0.1,6,0.3,3,0.006,False
DOE_2011211,1.8,0.1,6,0.3,3,0.006,True
DOE_2011220,1.8,0.1,6,0.3,3,0.01,False
DOE_2011221,1.8,0.1,6,0.3,3,0.01,True
DOE_2012000,1.8,0.1,6,0.5,1,0.002,False
DOE_2012001,1.8,0.1,6,0.5,1,0.002,True
DOE_2012010,1.8,0.1,6,0.5,1,0.006,False
DOE_2012011,1.8,0.1,6,0.5,1,0.006,True
DOE_2012020,1.8,0.1,6,0.5,1,0.01,False
DOE_2012021,1.8,0.1,6,0.5,1,0.01,True
DOE_2012100,1.8,0.1,6,0.5,2,0.002,False
DOE_2012101,1.8,0.1,6,0.5,2,0.002,True
DOE_2012110,1.8,0.1,6,0.5,2,0.006,False
DOE_2012111,1.8,0.1,6,0.5,2,0.006,True
DOE_2012120,1.8,0.1,6,0.5,2,0.01,False
DOE_2012121,1.8,0.1,6,0.5,2,0.01,True
DOE_2012200,1.8,0.1,6,0.5,3,0.002,False
DOE_2012201,1.8,0.1,6,0.5,3,0.002,True
DOE_2012210,1.8,0.1,6,0.5,3,0.006,False
DOE_2012211,1.8,0.1,6,0.5,3,0.006,True
DOE_2012220,1.8,0.1,6,0.5,3,0.01,False
DOE_2012221,1.8,0.1,6,0.5,3,0.01,True
DOE_2020000,1.8,0.1,10,0.1,1,0.002,False
DOE_2020001,1.8,0.1,10,0.1,1,0.002,True
DOE_2020010,1.8,0.1,10,0.1,1,0.006,False
DOE_2020011,1.8,0.1,10,0.1,1,0.006,True
DOE_2020020,1.8,0.1,10,0.1,1,0.01,False
DOE_2020021,1.8,0.1,10,0.1,1,0.01,True
DOE_2020100,1.8,0.1,10,0.1,2,0.002,False
DOE_2020101,1.8,0.1,10,0.1,2,0.002,True
DOE_2020110,1.8,0.1,10,0.1,2,0.006,False
DOE_2020111,1.8,0.1,10,0.1,2,0.006,True
DOE_2020120,1.8,0.1,10,0.1,2,0.01,False
DOE_2020121,1.8,0.1,10,0.1,2,0.01,True
DOE_2020200,1.8,0.1,10,0.1,3,0.002,False
DOE_2020201,1.8,0.1,10,0.1,3,0.002,True
DOE_2020210,1.8,0.1,10,0.1,3,0.006,False
DOE_2020211,1.8,0.1,10,0.1,3,0.006,True
DOE_2020220,1.8,0.1,10,0.1,3,0.01,False
DOE_2020221,1.8,0.1,10,0.1,3,0.01,True
DOE_2021000,1.8,0.1,10,0.3,1,0.002,False
DOE_2021001,1.8,0.1,10,0.3,1,0.002,True
DOE_2021010,1.8,0.1,10,0.3,1,0.006,False
DOE_2021011,1.8,0.1,10,0.3,1,0.006,True
DOE_2021020,1.8,0.1,10,0.3,1,0.01,False
DOE_2021021,1.8,0.1,10,0.3,1,0.01,True
DOE_2021100,1.8,0.1,10,0.3,2,0.002,False
DOE_2021101,1.8,0.1,10,0.3,2,0.002,True
DOE_2021110,1.8,0.1,10,0.3,2,0.006,False
DOE_2021111,1.8,0.1,10,0.3,2,0.006,True
DOE_2021120,1.8,0.1,10,0.3,2,0.01,False
DOE_2021121,1.8,0.1,10,0.3,2,0.01,True
DOE_2021200,1.8,0.1,10,0.3,3,0.002,False
DOE_2021201,1.8,0.1,10,0.3,3,0.002,True
DOE_2021210,1.8,0.1,10,0.3,3,0.006,False
DOE_2021211,1.8,0.1,10,0.3,3,0.006,True
DOE_2021220,1.8,0.1,10,0.3,3,0.01,False
DOE_2021221,1.8,0.1,10,0.3,3,0.01,True
DOE_2022000,1.8,0.1,10,0.5,1,0.002,False
DOE_2022001,1.8,0.1,10,0.5,1,0.002,True
DOE_2022010,1.8,0.1,10,0.5,1,0.006,False
DOE_2022011,1.8,0.1,10,0.5,1,0.006,True
DOE_2022020,1.8,0.1,10,0.5,1,0.01,False
DOE_2022021,1.8,0.1,10,0.5,1,0.01,True
DOE_2022100,1.8,0.1,10,0.5,2,0.002,False
DOE_2022101,1.8,0.1,10,0.5,2,0.002,True
DOE_2022110,1.8,0.1,10,0.5,2,0.006,False
DOE_2022111,1.8,0.1,10,0.5,2,0.006,True
DOE_2022120,1.8,0.1,10,0.5,2,0.01,False
DOE_2022121,1.8,0.1,10,0.5,2,0.01,True
DOE_2022200,1.8,0.1,10,0.5,3,0.002,False
DOE_2022201,1.8,0.1,10,0.5,3,0.002,True
DOE_2022210,1.8,0.1,10,0.5,3,0.006,False
DOE_2022211,1.8,0.1,10,0.5,3,0.006,True
DOE_2022220,1.8,0.1,10,0.5,3,0.01,False
DOE_2022221,1.8,0.1,10,0.5,3,0.01,True
DOE_2100000,1.8,0.3,2,0.1,1,0.002,False
DOE_2100001,1.8,0.3,2,0.1,1,0.002,True
DOE_2100010,1.8,0.3,2,0.1,1,0.006,False
DOE_2100011,1.8,0.3,2,0.1,1,0.006,True
DOE_2100020,1.8,0.3,2,0.1,1,0.01,False
DOE_2100021,1.8,0.3,2,0.1,1,0.01,True
DOE_2100100,1.8,0.3,2,0.1,2,0.002,False
DOE_2100101,1.8,0.3,2,0.1,2,0.002,True
DOE_2100110,1.8,0.3,2,0.1,2,0.006,False
DOE_2100111,1.8,0.3,2,0.1,2,0.006,True
DOE_2100120,1.8,0.3,2,0.1,2,0.01,False
DOE_2100121,1.8,0.3,2,0.1,2,0.01,True
DOE_2100200,1.8,0.3,2,0.1,3,0.002,False
DOE_2100201,1.8,0.3,2,0.1,3,0.002,True
DOE_2100210,1.8,0.3,2,0.1,3,0.006,False
DOE_2100211,1.8,0.3,2,0.1,3,0.006,True
DOE_2100220,1.8,0.3,2,0.1,3,0.01,False
DOE_2100221,1.8,0.3,2,0.1,3,0.01,True
DOE_2101000,1.8,0.3,2,0.3,1,0.002,False
DOE_2101001,1.8,0.3,2,0.3,1,0.002,True
DOE_2101010,1.8,0.3,2,0.3,1,0.006,False
DOE_2101011,1.8,0.3,2,0.3,1,0.006,True
DOE_2101020,1.8,0.3,2,0.3,1,0.01,False
DOE_2101021,1.8,0.3,2,0.3,1,0.01,True
DOE_2101100,1.8,0.3,2,0.3,2,0.002,False
DOE_2101101,1.8,0.3,2,0.3,2,0.002,True
DOE_2101110,1.8,0.3,2,0.3,2,0.006,False
DOE_2101111,1.8,0.3,2,0.3,2,0.006,True
DOE_2101120,1.8,0.3,2,0.3,2,0.01,False
DOE_2101121,1.8,0.3,2,0.3,2,0.01,True
DOE_2101200,1.8,0.3,2,0.3,3,0.002,False
DOE_2101201,1.8,0.3,2,0.3,3,0.002,True
DOE_2101210,1.8,0.3,2,0.3,3,0.006,False
DOE_2101211,1.8,0.3,2,0.3,3,0.006,True
DOE_2101220,1.8,0.3,2,0.3,3,0.01,False
DOE_2101221,1.8,0.3,2,0.3,3,0.01,True
DOE_2102000,1.8,0.3,2,0.5,1,0.002,False
DOE_2102001,1.8,0.3,2,0.5,1,0.002,True
DOE_2102010,1.8,0.3,2,0.5,1,0.006,False
DOE_2102011,1.8,0.3,2,0.5,1,0.006,True
DOE_2102020,1.8,0.3,2,0.5,1,0.01,False
DOE_2102021,1.8,0.3,2,0.5,1,0.01,True
DOE_2102100,1.8,0.3,2,0.5,2,0.002,False
DOE_2102101,1.8,0.3,2,0.5,2,0.002,True
DOE_2102110,1.8,0.3,2,0.5,2,0.006,False
DOE_2102111,1.8,0.3,2,0.5,2,0.006,True
DOE_2102120,1.8,0.3,2,0.5,2,0.01,False
DOE_2102121,1.8,0.3,2,0.5,2,0.01,True
DOE_2102200,1.8,0.3,2,0.5,3,0.002,False
DOE_2102201,1.8,0.3,2,0.5,3,0.002,True
DOE_2102210,1.8,0.3,2,0.5,3,0.006,False
DOE_2102211,1.8,0.3,2,0.5,3,0.006,True
DOE_2102220,1.8,0.3,2,0.5,3,0.01,False
DOE_2102221,1.8,0.3,2,0.5,3,0.01,True
DOE_2110000,1.8,0.3,6,0.1,1,0.002,False
DOE_2110001,1.8,0.3,6,0.1,1,0.002,True
DOE_2110010,1.8,0.3,6,0.1,1,0.006,False
DOE_2110011,1.8,0.3,6,0.1,1,0.006,True
DOE_2110020,1.8,0.3,6,0.1,1,0.01,False
DOE_2110021,1.8,0.3,6,0.1,1,0.01,True
DOE_2110100,1.8,0.3,6,0.1,2,0.002,False
DOE_2110101,1.8,0.3,6,0.1,2,0.002,True
DOE_2110110,1.8,0.3,6,0.1,2,0.006,False
DOE_2110111,1.8,0.3,6,0.1,2,0.006,True
DOE_2110120,1.8,0.3,6,0.1,2,0.01,False
DOE_2110121,1.8,0.3,6,0.1,2,0.01,True
DOE_2110200,1.8,0.3,6,0.1,3,0.002,False
DOE_2110201,1.8,0.3,6,0.1,3,0.002,True
DOE_2110210,1.8,0.3,6,0.1,3,0.006,False
DOE_2110211,1.8,0.3,6,0.1,3,0.006,True
DOE_2110220,1.8,0.3,6,0.1,3,0.01,False
DOE_2110221,1.8,0.3,6,0.1,3,0.01,True
DOE_2111000,1.8,0.3,6,0.3,1,0.002,False
DOE_2111001,1.8,0.3,6,0.3,1,0.002,True
DOE_2111010,1.8,0.3,6,0.3,1,0.006,False
DOE_2111011,1.8,0.3,6,0.3,1,0.006,True
DOE_2111020,1.8,0.3,6,0.3,1,0.01,False
DOE_2111021,1.8,0.3,6,0.3,1,0.01,True
DOE_2111100,1.8,0.3,6,0.3,2,0.002,False
DOE_2111101,1.8,0.3,6,0.3,2,0.002,True
DOE_2111110,1.8,0.3,6,0.3,2,0.006,False
DOE_2111111,1.8,0.3,6,0.3,2,0.006,True
DOE_2111120,1.8,0.3,6,0.3,2,0.01,False
DOE_2111121,1.8,0.3,6,0.3,2,0.01,True
DOE_2111200,1.8,0.3,6,0.3,3,0.002,False
DOE_2111201,1.8,0.3,6,0.3,3,0.002,True
DOE_2111210,1.8,0.3,6,0.3,3,0.006,False
DOE_2111211,1.8,0.3,6,0.3,3,0.006,True
DOE_2111220,1.8,0.3,6,0.3,3,0.01,False
DOE_2111221,1.8,0.3,6,0.3,3,0.01,True
DOE_2112000,1.8,0.3,6,0.5,1,0.002,False
DOE_2112001,1.8,0.3,6,0.5,1,0.002,True
DOE_2112010,1.8,0.3,6,0.5,1,0.006,False
DOE_2112011,1.8,0.3,6,0.5,1,0.006,True
DOE_2112020,1.8,0.3,6,0.5,1,0.01,False
DOE_2112021,1.8,0.3,6,0.5,1,0.01,True
DOE_2112100,1.8,0.3,6,0.5,2,0.002,False
DOE_2112101,1.8,0.3,6,0.5,2,0.002,True
DOE_2112110,1.8,0.3,6,0.5,2,0.006,False
DOE_2112111,1.8,0.3,6,0.5,2,0.006,True
DOE_2112120,1.8,0.3,6,0.5,2,0.01,False
DOE_2112121,1.8,0.3,6,0.5,2,0.01,True
DOE_2112200,1.8,0.3,6,0.5,3,0.002,False
DOE_2112201,1.8,0.3,6,0.5,3,0.002,True
DOE_2112210,1.8,0.3,6,0.5,3,0.006,False
DOE_2112211,1.8,0.3,6,0.5,3,0.006,True
DOE_2112220,1.8,0.3,6,0.5,3,0.01,False
DOE_2112221,1.8,0.3,6,0.5,3,0.01,True
DOE_2120000,1.8,0.3,10,0.1,1,0.002,False
DOE_2120001,1.8,0.3,10,0.1,1,0.002,True
DOE_2120010,1.8,0.3,10,0.1,1,0.006,False
DOE_2120011,1.8,0.3,10,0.1,1,0.006,True
DOE_2120020,1.8,0.3,10,0.1,1,0.01,False
DOE_2120021,1.8,0.3,10,0.1,1,0.01,True
DOE_2120100,1.8,0.3,10,0.1,2,0.002,False
DOE_2120101,1.8,0.3,10,0.1,2,0.002,True
DOE_2120110,1.8,0.3,10,0.1,2,0.006,False
DOE_2120111,1.8,0.3,10,0.1,2,0.006,True
DOE_2120120,1.8,0.3,10,0.1,2,0.01,False
DOE_2120121,1.8,0.3,10,0.1,2,0.01,True
DOE_2120200,1.8,0.3,10,0.1,3,0.002,False
DOE_2120201,1.8,0.3,10,0.1,3,0.002,True
DOE_2120210,1.8,0.3,10,0.1,3,0.006,False
DOE_2120211,1.8,0.3,10,0.1,3,0.006,True
DOE_2120220,1.8,0.3,10,0.1,3,0.01,False
DOE_2120221,1.8,0.3,10,0.1,3,0.01,True
DOE_2121000,1.8,0.3,10,0.3,1,0.002,False
DOE_2121001,1.8,0.3,10,0.3,1,0.002,True
DOE_2121010,1.8,0.3,10,0.3,1,0.006,False
DOE_2121011,1.8,0.3,10,0.3,1,0.006,True
DOE_2121020,1.8,0.3,10,0.3,1,0.01,False
DOE_2121021,1.8,0.3,10,0.3,1,0.01,True
DOE_2121100,1.8,0.3,10,0.3,2,0.002,False
DOE_2121101,1.8,0.3,10,0.3,2,0.002,True
DOE_2121110,1.8,0.3,10,0.3,2,0.006,False
DOE_2121111,1.8,0.3,10,0.3,2,0.006,True
DOE_2121120,1.8,0.3,10,0.3,2,0.01,False
DOE_2121121,1.8,0.3,10,0.3,2,0.01,True
DOE_2121200,1.8,0.3,10,0.3,3,0.002,False
DOE_2121201,1.8,0.3,10,0.3,3,0.002,True
DOE_2121210,1.8,0.3,10,0.3,3,0.006,False
DOE_2121211,1.8,0.3,10,0.3,3,0.006,True
DOE_2121220,1.8,0.3,10,0.3,3,0.01,False
DOE_2121221,1.8,0.3,10,0.3,3,0.01,True
DOE_2122000,1.8,0.3,10,0.5,1,0.002,False
DOE_2122001,1.8,0.3,10,0.5,1,0.002,True
DOE_2122010,1.8,0.3,10,0.5,1,0.006,False
DOE_2122011,1.8,0.3,10,0.5,1,0.006,True
DOE_2122020,1.8,0.3,10,0.5,1,0.01,False
DOE_2122021,1.8,0.3,10,0.5,1,0.01,True
DOE_2122100,1.8,0.3,10,0.5,2,0.002,False
DOE_2122101,1.8,0.3,10,0.5,2,0.002,True
DOE_2122110,1.8,0.3,10,0.5,2,0.006,False
DOE_2122111,1.8,0.3,10,0.5,2,0.006,True
DOE_2122120,1.8,0.3,10,0.5,2,0.01,False
DOE_2122121,1.8,0.3,10,0.5,2,0.01,True
DOE_2122200,1.8,0.3,10,0.5,3,0.002,False
DOE_2122201,1.8,0.3,10,0.5,3,0.002,True
DOE_2122210,1.8,0.3,10,0.5,3,0.006,False
DOE_2122211,1.8,0.3,10,0.5,3,0.006,True
DOE_2122220,1.8,0.3,10,0.5,3,0.01,False
DOE_2122221,1.8,0.3,10,0.5,3,0.01,True
DOE_2200000,1.8,0.5,2,0.1,1,0.002,False
DOE_2200001,1.8,0.5,2,0.1,1,0.002,True
DOE_2200010,1.8,0.5,2,0.1,1,0.006,False
DOE_2200011,1.8,0.5,2,0.1,1,0.006,True
DOE_2200020,1.8,0.5,2,0.1,1,0.01,False
DOE_2200021,1.8,0.5,2,0.1,1,0.01,True
DOE_2200100,1.8,0.5,2,0.1,2,0.002,False
DOE_2200101,1.8,0.5,2,0.1,2,0.002,True
DOE_2200110,1.8,0.5,2,0.1,2,0.006,False
DOE_2200111,1.8,0.5,2,0.1,2,0.006,True
DOE_2200120,1.8,0.5,2,0.1,2,0.01,False
DOE_2200121,1.8,0.5,2,0.1,2,0.01,True
DOE_2200200,1.8,0.5,2,0.1,3,0.002,False
DOE_2200201,1.8,0.5,2,0.1,3,0.002,True
DOE_2200210,1.8,0.5,2,0.1,3,0.006,False
DOE_2200211,1.8,0.5,2,0.1,3,0.006,True
DOE_2200220,1.8,0.5,2,0.1,3,0.01,False
DOE_2200221,1.8,0.5,2,0.1,3,0.01,True
DOE_2201000,1.8,0.5,2,0.3,1,0.002,False
DOE_2201001,1.8,0.5,2,0.3,1,0.002,True
DOE_2201010,1.8,0.5,2,0.3,1,0.006,False
DOE_2201011,1.8,0.5,2,0.3,1,0.006,True
DOE_2201020,1.8,0.5,2,0.3,1,0.01,False
DOE_2201021,1.8,0.5,2,0.3,1,0.01,True
DOE_2201100,1.8,0.5,2,0.3,2,0.002,False
DOE_2201101,1.8,0.5,2,0.3,2,0.002,True
DOE_2201110,1.8,0.5,2,0.3,2,0.006,False
DOE_2201111,1.8,0.5,2,0.3,2,0.006,True
DOE_2201120,1.8,0.5,2,0.3,2,0.01,False
DOE_2201121,1.8,0.5,2,0.3,2,0.01,True
DOE_2201200,1.8,0.5,2,0.3,3,0.002,False
DOE_2201201,1.8,0.5,2,0.3,3,0.002,True
DOE_2201210,1.8,0.5,2,0.3,3,0.006,False
DOE_2201211,1.8,0.5,2,0.3,3,0.006,True
DOE_2201220,1.8,0.5,2,0.3,3,0.01,False
DOE_2201221,1.8,0.5,2,0.3,3,0.01,True
DOE_2202000,1.8,0.5,2,0.5,1,0.002,False
DOE_2202001,1.8,0.5,2,0.5,1,0.002,True
DOE_2202010,1.8,0.5,2,0.5,1,0.006,False
DOE_2202011,1.8,0.5,2,0.5,1,0.006,True
DOE_2202020,1.8,0.5,2,0.5,1,0.01,False
DOE_2202021,1.8,0.5,2,0.5,1,0.01,True
DOE_2202100,1.8,0.5,2,0.5,2,0.002,False
DOE_2202101,1.8,0.5,2,0.5,2,0.002,True
DOE_2202110,1.8,0.5,2,0.5,2,0.006,False
DOE_2202111,1.8,0.5,2,0.5,2,0.006,True
DOE_2202120,1.8,0.5,2,0.5,2,0.01,False
DOE_2202121,1.8,0.5,2,0.5,2,0.01,True
DOE_2202200,1.8,0.5,2,0.5,3,0.002,False
DOE_2202201,1.8,0.5,2,0.5,3,0.002,True
DOE_2202210,1.8,0.5,2,0.5,3,0.006,False
DOE_2202211,1.8,0.5,2,0.5,3,0.006,True
DOE_2202220,1.8,0.5,2,0.5,3,0.01,False
DOE_2202221,1.8,0.5,2,0.5,3,0.01,True
DOE_2210000,1.8,0.5,6,0.1,1,0.002,False
DOE_2210001,1.8,0.5,6,0.1,1,0.002,True
DOE_2210010,1.8,0.5,6,0.1,1,0.006,False
DOE_2210011,1.8,0.5,6,0.1,1,0.006,True
DOE_2210020,1.8,0.5,6,0.1,1,0.01,False
DOE_2210021,1.8,0.5,6,0.1,1,0.01,True
DOE_2210100,1.8,0.5,6,0.1,2,0.002,False
DOE_2210101,1.8,0.5,6,0.1,2,0.002,True
DOE_2210110,1.8,0.5,6,0.1,2,0.006,False
DOE_2210111,1.8,0.5,6,0.1,2,0.006,True
DOE_2210120,1.8,0.5,6,0.1,2,0.01,False
DOE_2210121,1.8,0.5,6,0.1,2,0.01,True
DOE_2210200,1.8,0.5,6,0.1,3,0.002,False
DOE_2210201,1.8,0.5,6,0.1,3,0.002,True
DOE_2210210,1.8,0.5,6,0.1,3,0.006,False
DOE_2210211,1.8,0.5,6,0.1,3,0.006,True
DOE_2210220,1.8,0.5,6,0.1,3,0.01,False
DOE_2210221,1.8,0.5,6,0.1,3,0.01,True
DOE_2211000,1.8,0.5,6,0.3,1,0.002,False
DOE_2211001,1.8,0.5,6,0.3,1,0.002,True
DOE_2211010,1.8,0.5,6,0.3,1,0.006,False
DOE_2211011,1.8,0.5,6,0.3,1,0.006,True
DOE_2211020,1.8,0.5,6,0.3,1,0.01,False
DOE_2211021,1.8,0.5,6,0.3,1,0.01,True
DOE_2211100,1.8,0.5,6,0.3,2,0.002,False
DOE_2211101,1.8,0.5,6,0.3,2,0.002,True
DOE_2211110,1.8,0.5,6,0.3,2,0.006,False
DOE_2211111,1.8,0.5,6,0.3,2,0.006,True
DOE_2211120,1.8,0.5,6,0.3,2,0.01,False
DOE_2211121,1.8,0.5,6,0.3,2,0.01,True
DOE_2211200,1.8,0.5,6,0.3,3,0.002,False
DOE_2211201,1.8,0.5,6,0.3,3,0.002,True
DOE_2211210,1.8,0.5,6,0.3,3,0.006,False
DOE_2211211,1.8,0.5,6,0.3,3,0.006,True
DOE_2211220,1.8,0.5,6,0.3,3,0.01,False
DOE_2211221,1.8,0.5,6,0.3,3,0.01,True
DOE_2212000,1.8,0.5,6,0.5,1,0.002,False
DOE_2212001,1.8,0.5,6,0.5,1,0.002,True
DOE_2212010,1.8,0.5,6,0.5,1,0.006,False
DOE_2212011,1.8,0.5,6,0.5,1,0.006,True
DOE_2212020,1.8,0.5,6,0.5,1,0.01,False
DOE_2212021,1.8,0.5,6,0.5,1,0.01,True
DOE_2212100,1.8,0.5,6,0.5,2,0.002,False
DOE_2212101,1.8,0.5,6,0.5,2,0.002,True
DOE_2212110,1.8,0.5,6,0.5,2,0.006,False
DOE_2212111,1.8,0.5,6,0.5,2,0.006,True
DOE_2212120,1.8,0.5,6,0.5,2,0.01,False
DOE_2212121,1.8,0.5,6,0.5,2,0.01,True
DOE_2212200,1.8,0.5,6,0.5,3,0.002,False
DOE_2212201,1.8,0.5,6,0.5,3,0.002,True
DOE_2212210,1.8,0.5,6,0.5,3,0.006,False
DOE_2212211,1.8,0.5,6,0.5,3,0.006,True
DOE_2212220,1.8,0.5,6,0.5,3,0.01,False
DOE_2212221,1.8,0.5,6,0.5,3,0.01,True
DOE_2220000,1.8,0.5,10,0.1,1,0.002,False
DOE_2220001,1.8,0.5,10,0.1,1,0.002,True
DOE_2220010,1.8,0.5,10,0.1,1,0.006,False
DOE_2220011,1.8,0.5,10,0.1,1,0.006,True
DOE_2220020,1.8,0.5,10,0.1,1,0.01,False
DOE_2220021,1.8,0.5,10,0.1,1,0.01,True
DOE_2220100,1.8,0.5,10,0.1,2,0.002,False
DOE_2220101,1.8,0.5,10,0.1,2,0.002,True
DOE_2220110,1.8,0.5,10,0.1,2,0.006,False
DOE_2220111,1.8,0.5,10,0.1,2,0.006,True
DOE_2220120,1.8,0.5,10,0.1,2,0.01,False
DOE_2220121,1.8,0.5,10,0.1,2,0.01,True
DOE_2220200,1.8,0.5,10,0.1,3,0.002,False
DOE_2220201,1.8,0.5,10,0.1,3,0.002,True
DOE_2220210,1.8,0.5,10,0.1,3,0.006,False
DOE_2220211,1.8,0.5,10,0.1,3,0.006,True
DOE_2220220,1.8,0.5,10,0.1,3,0.01,False
DOE_2220221,1.8,0.5,10,0.1,3,0.01,True
DOE_2221000,1.8,0.5,10,0.3,1,0.002,False
DOE_2221001,1.8,0.5,10,0.3,1,0.002,True
DOE_2221010,1.8,0.5,10,0.3,1,0.006,False
DOE_2221011,1.8,0.5,10,0.3,1,0.006,True
DOE_2221020,1.8,0.5,10,0.3,1,0.01,False
DOE_2221021,1.8,0.5,10,0.3,1,0.01,True
DOE_2221100,1.8,0.5,10,0.3,2,0.002,False
DOE_2221101,1.8,0.5,10,0.3,2,0.002,True
DOE_2221110,1.8,0.5,10,0.3,2,0.006,False
DOE_2221111,1.8,0.5,10,0.3,2,0.006,True
DOE_2221120,1.8,0.5,10,0.3,2,0.01,False
DOE_2221121,1.8,0.5,10,0.3,2,0.01,True
DOE_2221200,1.8,0.5,10,0.3,3,0.002,False
DOE_2221201,1.8,0.5,10,0.3,3,0.002,True
DOE_2221210,1.8,0.5,10,0.3,3,0.006,False
DOE_2221211,1.8,0.5,10,0.3,3,0.006,True
DOE_2221220,1.8,0.5,10,0.3,3,0.01,False
DOE_2221221,1.8,0.5,10,0.3,3,0.01,True
DOE_2222000,1.8,0.5,10,0.5,1,0.002,False
DOE_2222001,1.8,0.5,10,0.5,1,0.002,True
DOE_2222010,1.8,0.5,10,0.5,1,0.006,False
DOE_2222011,1.8,0.5,10,0.5,1,0.006,True
DOE_2222020,1.8,0.5,10,0.5,1,0.01,False
DOE_2222021,1.8,0.5,10,0.5,1,0.01,True
DOE_2222100,1.8,0.5,10,0.5,2,0.002,False
DOE_2222101,1.8,0.5,10,0.5,2,0.002,True
DOE_2222110,1.8,0.5,10,0.5,2,0.006,False
DOE_2222111,1.8,0.5,10,0.5,2,0.006,True
DOE_2222120,1.8,0.5,10,0.5,2,0.01,False
DOE_2222121,1.8,0.5,10,0.5,2,0.01,True
DOE_2222200,1.8,0.5,10,0.5,3,0.002,False
DOE_2222201,1.8,0.5,10,0.5,3,0.002,True
DOE_2222210,1.8,0.5,10,0.5,3,0.006,False
DOE_2222211,1.8,0.5,10,0.5,3,0.006,True
DOE_2222220,1.8,0.5,10,0.5,3,0.01,False
DOE_2222221,1.8,0.5,10,0.5,3,0.01,True
